id,datum,pacient_prvni_zaznam,kum_pacient_prvni_zaznam,pocet_hosp,stav_bez_priznaku,stav_lehky,stav_stredni,stav_tezky,jip,kyslik,hfno,upv,ecmo,tezky_upv_ecmo,umrti,kum_umrti
cafed653-f34c-4f9d-ae42-e660b5902473,2020-03-01,,,,,,,,,,,,,,,
8529229f-8601-4d49-bf0d-8a69eb5409ed,2020-03-02,,,,,,,,,,,,,,,
43720fa7-939d-4bf4-a715-521e143d10a7,2020-03-03,,,,,,,,,,,,,,,
052e5176-4817-471e-9f7b-a28962987da5,2020-03-04,,,,,,,,,,,,,,,
396652ab-4610-4859-a3a1-f787a7c904b4,2020-03-05,,,,,,,,,,,,,,,
f059fffd-336c-40a0-ac66-199395ea35de,2020-03-06,,,,,,,,,,,,,,,
c281e82b-8e51-408b-9051-8e1b6cf12b19,2020-03-07,,,,,,,,,,,,,,,
4a363967-909f-4e64-8b85-bf617ec3a374,2020-03-08,,,,,,,,,,,,,,,
3db1435c-ebd5-4c2e-baf3-e707cee25419,2020-03-09,,,,,,,,,,,,,,,
cbd5ba8f-fc94-4dc6-887a-f15274aeec23,2020-03-10,,,,,,,,,,,,,,,
0d6f211b-3c2f-4739-b263-9dd4c61e9c01,2020-03-11,2,2,2,0,2,0,0,,0,0,0,0,,,
b46765b3-e097-40e1-a365-8de2ff18106d,2020-03-12,1,3,3,0,2,1,0,,0,0,0,0,,,
0df2d336-2c72-4a7b-9547-10c6e4cd5733,2020-03-13,2,5,4,0,3,1,0,,0,0,0,0,,,
1d87c449-18b4-40e7-a91d-dc95fe0a5af4,2020-03-14,1,6,4,1,3,0,0,,1,0,0,0,,,
d68e7532-d29e-4603-8670-bdcb97d02c36,2020-03-15,2,8,6,1,5,0,0,,1,0,0,0,,,
3126cf76-a57e-4947-a129-4edcc034f204,2020-03-16,14,22,19,3,8,6,2,3,4,0,2,1,2,,
1ca75bbf-8436-47b5-833e-2b1efc92df4d,2020-03-17,31,53,49,7,24,13,5,7,8,0,4,1,5,,
60ece4c5-6bb7-497e-a9e6-c017265f07c4,2020-03-18,5,58,50,7,25,12,6,9,10,0,4,1,6,,
de26c7e2-4977-44b0-9910-5a027f87f8fb,2020-03-19,8,66,55,8,29,12,6,10,9,0,4,1,6,,
56158160-0293-491d-a45f-7feac129e2aa,2020-03-20,14,80,66,9,32,10,15,16,14,0,8,1,15,,
e8ae358a-fc4f-4172-a865-6881deaa2513,2020-03-21,18,98,79,5,41,19,14,18,23,0,11,1,14,,
2155ecdd-4807-4fa9-b8d9-89ea0c813896,2020-03-22,22,120,97,6,49,26,16,27,27,0,16,1,18,1,1
82d8c72a-39d6-4458-b0f3-77430c8e6729,2020-03-23,26,146,117,7,54,34,22,31,31,0,19,1,22,,1
fa0718ff-c776-4dd0-9a4a-b84e44343d6f,2020-03-24,25,171,135,8,54,47,26,41,43,0,23,1,26,2,3
94f9513f-5624-4686-b6ef-644d2a7ea9fd,2020-03-25,47,218,175,8,55,77,35,54,61,0,26,1,36,5,8
2768ca3f-642d-407d-91b9-5a6259cf1058,2020-03-26,49,267,205,5,72,91,37,51,63,0,30,1,38,,8
4ffcd495-a434-4543-a990-f617be6025c5,2020-03-27,40,307,237,5,68,117,47,59,84,0,33,1,48,2,10
d973c21e-3f43-4d74-962a-8ea1c0bb2aab,2020-03-28,45,352,271,10,85,120,56,63,98,0,37,1,57,4,14
25e98429-3908-4ecf-8063-547acbef46ec,2020-03-29,28,380,282,11,103,115,53,61,98,0,37,2,53,5,19
2bb4242d-711e-4db8-b487-5430035dba05,2020-03-30,24,404,294,8,101,119,66,73,107,0,47,3,66,4,23
7e36a1df-5e0a-47b6-99ad-417c420a0448,2020-03-31,44,448,322,8,107,135,72,82,110,0,55,3,72,6,29
96f51922-4e34-442b-8826-6a23935dd8b6,2020-04-01,45,493,345,12,121,138,74,88,104,0,59,4,74,7,36
25a06b26-e2e9-4c74-b1a5-48692b42925a,2020-04-02,39,532,351,15,125,135,76,87,102,0,65,2,76,5,41
9bf2a258-5858-4a17-b325-c14b15e4b3fa,2020-04-03,41,573,375,24,118,147,86,94,126,0,65,2,86,7,48
482583f4-e23b-4d0a-ba08-8b3098521fa9,2020-04-04,29,602,365,20,104,157,84,90,131,0,62,2,84,8,56
7ffa8cc9-13e0-41ff-a7d6-6d29ab79e1ac,2020-04-05,25,627,371,19,112,158,82,91,138,0,62,2,82,8,64
9cff9a95-cac7-42d3-98da-2b8f25a880d6,2020-04-06,38,665,395,24,121,163,87,96,133,0,65,2,88,8,72
d1a2fc33-a028-400b-9a7b-0ce6a0aefc4d,2020-04-07,42,707,413,34,117,162,100,102,137,0,64,2,100,8,80
057fccc0-42ff-4865-bca9-076500507080,2020-04-08,33,740,423,41,122,166,94,96,137,0,61,3,94,12,92
37033e07-1a86-4689-8ee7-f2a61c121e4d,2020-04-09,36,776,417,47,115,159,96,94,136,0,64,3,96,9,101
69582db8-ca68-459e-a3c5-82dcbbac1ec3,2020-04-10,26,802,406,40,114,163,89,90,135,0,62,3,89,6,107
10062082-73f6-431e-b502-11673e90f334,2020-04-11,24,826,406,44,114,161,87,94,124,0,62,3,87,5,112
c54ba909-88f5-4895-afda-a7905fd32b11,2020-04-12,16,842,402,39,108,155,100,99,142,0,63,3,100,6,118
8f2d9594-b2db-4e8d-a541-d86b55a1091c,2020-04-13,13,855,395,44,107,151,93,93,123,0,61,3,93,10,128
3d885e76-926e-4070-9870-03e925974353,2020-04-14,10,865,385,44,110,148,83,83,111,0,59,5,83,6,134
f7f3257b-08f5-4a3f-86e3-61417175aa59,2020-04-15,20,885,370,42,109,143,76,79,108,0,57,4,77,,134
ec265864-740d-4e1d-97ff-daa5451c759b,2020-04-16,23,908,362,50,91,138,83,87,108,0,57,3,83,2,136
6387b40b-579d-4245-b048-6dadc46dbc17,2020-04-17,25,933,355,43,95,137,80,86,109,0,56,3,81,7,143
64730fef-7b46-42df-bb80-b79264fb9bdf,2020-04-18,15,948,338,42,97,125,74,81,103,0,51,3,75,2,145
e9d1c933-3a77-437f-b578-2c314fd06038,2020-04-19,23,971,345,41,97,128,79,84,106,0,52,3,81,7,152
60c5ce66-24fb-452b-bdbf-e8ebabc16e3b,2020-04-20,25,996,348,52,104,116,76,86,89,0,54,3,78,5,157
c0c35162-4119-45d3-8160-24189f2ab6b1,2020-04-21,40,1036,365,65,110,112,78,82,84,0,48,4,79,5,162
4f2c3466-05fb-42af-9c97-1967399260b0,2020-04-22,16,1052,342,73,88,107,74,78,83,0,47,4,75,1,163
b3d5355d-4c1e-4bf7-948d-d9da3d2b213a,2020-04-23,27,1079,335,70,92,95,78,75,82,0,45,4,78,4,167
d939a3fe-41fe-4a0b-a424-ff190f5b5255,2020-04-24,20,1099,329,76,81,97,75,73,81,0,47,4,75,5,172
29d663ae-c311-42cd-b25f-07576b9aa29c,2020-04-25,11,1110,314,73,73,97,71,69,74,0,43,4,71,4,176
845d6f7a-61bb-40e2-9264-85f1d7cdc91a,2020-04-26,11,1121,310,71,79,88,72,67,71,0,45,4,72,1,177
98dc5806-6368-470b-a26e-83694dd00459,2020-04-27,14,1135,309,76,74,91,68,68,74,0,45,3,68,1,178
c77dafc6-75cf-4c11-bad2-509c76820993,2020-04-28,12,1147,305,73,81,83,68,61,66,0,42,3,68,4,182
7bb766b2-885c-4405-8b4a-aa79caf144fb,2020-04-29,4,1151,286,63,83,78,62,60,65,0,42,2,64,5,187
62211765-eaaf-4734-8391-90e10d85d1a5,2020-04-30,19,1170,273,64,76,75,58,52,66,0,39,2,60,6,193
8174ad3a-4f04-462e-a47c-cb4237b0a5f4,2020-05-01,8,1178,244,48,70,73,53,46,64,0,35,1,55,6,199
a16c177c-7fba-428e-ba64-4371a8a3d64c,2020-05-02,11,1189,233,52,62,70,49,47,58,0,32,1,50,1,200
f3e25a78-4480-4d35-8c28-f35523c379ac,2020-05-03,6,1195,232,62,62,59,49,45,53,0,31,1,50,1,201
4b16962c-c130-4c39-a0df-dd4ecff16338,2020-05-04,11,1206,236,67,56,59,54,47,47,0,32,1,55,4,205
74a8a7bc-46ad-4f31-a4a9-c0aa2140844f,2020-05-05,12,1218,223,61,60,56,46,37,43,0,29,1,47,3,208
5829f2dd-ec79-45bc-a910-7dd271271ebc,2020-05-06,4,1222,209,53,58,55,43,35,41,0,28,1,44,2,210
3b724908-da7d-4491-b74b-2cd58ab30bab,2020-05-07,10,1232,191,48,56,46,41,36,39,0,24,0,41,4,214
76400fb7-c077-49a5-b7c9-21893f03b763,2020-05-08,9,1241,185,44,55,43,43,40,41,0,27,0,44,5,219
d1b19b77-e9c0-4a63-9ec0-790f3836a9fc,2020-05-09,6,1247,173,41,52,41,39,34,39,0,25,0,39,3,222
a7bfe9ca-2116-4295-bd0d-10b1db1ab72a,2020-05-10,4,1251,167,35,53,40,39,34,38,0,24,0,39,2,224
1237096a-9a52-46d8-90f1-5dc4d4d7c7ea,2020-05-11,5,1256,167,37,51,37,42,35,38,0,27,0,42,1,225
3bdf349f-958d-44b2-b08c-ad9b3151055d,2020-05-12,5,1261,157,35,47,35,40,32,40,0,25,0,40,2,227
3262bd21-14c8-4c3d-8304-257de0c9746d,2020-05-13,7,1268,147,30,46,33,38,29,34,0,19,0,39,3,230
9f135e57-add5-4d39-aa63-a636de710060,2020-05-14,5,1273,128,30,37,27,34,29,26,0,19,0,35,2,232
82deac31-12b6-4773-b1dc-5c86b41ec570,2020-05-15,3,1276,118,30,35,19,34,29,25,0,18,0,35,2,234
e2e00fa0-0c6e-45d1-89ca-c1b283a81877,2020-05-16,3,1279,112,27,33,19,33,28,20,0,16,0,34,1,235
bbacf545-1f82-4498-9b98-23a75246f984,2020-05-17,1,1280,110,24,30,22,34,28,24,0,17,0,35,2,237
9a669839-9bed-479e-ba54-c4486fc2f23c,2020-05-18,9,1289,115,22,37,24,32,29,25,0,18,0,33,3,240
b3fc315c-ca3d-48b2-8a1a-9bb1edf04e33,2020-05-19,4,1293,109,23,33,22,31,26,24,0,18,0,32,2,242
fd7c14cf-5b14-42c9-a5aa-8939d552238e,2020-05-20,5,1298,101,23,26,21,31,25,23,0,19,0,32,2,244
4ed65a92-1b58-4efd-9266-8f957cef90bf,2020-05-21,7,1305,101,16,35,21,29,23,24,0,17,0,30,2,246
a0a860e6-dc59-4027-8836-9371f364cff8,2020-05-22,6,1311,98,19,32,23,24,17,16,0,14,0,25,2,248
cbdadf3b-f0de-4b9e-b933-75f7ed2aa82e,2020-05-23,4,1315,93,15,32,24,22,18,16,0,14,0,23,1,249
39c8d5dd-60b7-45c3-88ff-c20e61deda20,2020-05-24,5,1320,94,16,32,25,21,19,15,0,14,0,22,1,250
5155029f-3d68-40ae-bdeb-b62dd7f75a76,2020-05-25,3,1323,91,15,31,26,19,18,14,0,12,0,20,1,251
83a7a09c-785e-4e9e-8060-ebb6be14b683,2020-05-26,8,1331,92,19,27,31,15,16,15,0,10,0,16,,251
b1caebe4-4efb-4b80-b6e2-01c3f61cbf7d,2020-05-27,4,1335,86,15,27,29,15,16,17,0,10,0,17,,251
c1f34872-3658-4100-bd0c-c7044e21190b,2020-05-28,4,1339,74,12,21,26,15,13,12,0,8,0,15,1,252
b402d2b8-a427-49fe-b241-b42ed71d8a83,2020-05-29,3,1342,71,11,20,25,15,12,14,0,9,0,15,,252
a52eac94-08cb-4adb-89ad-766d4ccd5310,2020-05-30,8,1350,72,19,18,23,12,12,12,0,7,0,12,,252
1fc96dfc-5acd-4d16-adc2-275ac601c1d4,2020-05-31,2,1352,70,20,18,20,12,11,13,0,7,0,12,,252
716cda36-ec4b-4450-a282-4d7dc3b46040,2020-06-01,4,1356,73,20,22,18,13,11,12,0,6,0,13,1,253
40f0e948-a52f-4552-9ce0-ba12b0db85ed,2020-06-02,5,1361,75,21,23,20,11,9,11,0,6,0,11,1,254
64db8ba0-bcda-43ef-a2bb-290c5b9ad811,2020-06-03,,1361,65,18,22,15,10,8,11,0,6,0,10,1,255
e10d16f4-3f8d-45bc-8a43-0f93531576d4,2020-06-04,4,1365,60,20,13,18,9,8,9,0,6,0,9,3,258
86139d5c-844f-41cb-86f5-5eab96cf3835,2020-06-05,9,1374,60,19,19,13,9,6,12,0,5,0,9,,258
eab29b2e-7d2b-437c-ad28-78937ba4b5d9,2020-06-06,4,1378,59,17,21,13,8,8,12,0,5,0,9,,258
f05c0881-4e13-43e9-aef3-7f064550f829,2020-06-07,4,1382,61,18,21,12,10,9,12,0,6,0,10,1,259
0794da31-1339-4659-8be2-29f5511c02b9,2020-06-08,1,1383,60,15,22,14,9,9,10,0,5,0,9,,259
daf7f7f7-51c6-4413-bf5b-ced4af498af3,2020-06-09,4,1387,63,13,22,19,9,11,12,0,5,0,9,1,260
08ca0304-ad6c-405a-8dc7-0ecd72d3ba5d,2020-06-10,6,1393,66,15,25,15,11,12,13,0,5,0,11,1,261
91f88999-0bbf-4f39-86b6-91b4196f984f,2020-06-11,4,1397,65,17,20,16,12,10,15,0,4,0,12,1,262
201ab32a-e84c-45f9-8694-931979b895b7,2020-06-12,6,1403,69,16,24,18,11,11,17,0,5,0,11,,262
ff3af3f8-7f5e-4972-979b-796e03f47ace,2020-06-13,4,1407,67,15,20,20,12,10,17,0,5,0,12,,262
1778f478-33be-4570-b847-ac1076ac338a,2020-06-14,5,1412,68,17,21,20,10,11,15,0,5,0,10,1,263
298054d1-a8e7-4324-8d60-db5284a0bf21,2020-06-15,11,1423,77,24,24,20,9,8,16,0,3,0,9,1,264
2dbdeaec-5e42-4cfb-8774-f0d9f15b047a,2020-06-16,6,1429,78,22,28,20,8,4,14,0,2,0,8,1,265
53277024-d05a-4fdd-9d45-fe135b3999b6,2020-06-17,7,1436,84,26,28,23,7,6,13,0,3,0,8,1,266
3245c6d9-fd2a-4487-9ba6-741d49bc4d54,2020-06-18,7,1443,83,27,24,22,10,8,11,0,4,0,10,1,267
bc358d0c-a49e-4bde-bf4c-82f7e4a0ac1f,2020-06-19,7,1450,82,27,23,24,8,7,9,0,5,0,8,,267
b297dfcb-ef85-4826-ab3c-e147764d10e2,2020-06-20,6,1456,80,28,21,22,9,7,10,0,5,0,9,,267
afbd3d60-dd31-46d9-8ea3-3f71854e2d11,2020-06-21,2,1458,74,21,19,25,9,9,10,0,6,0,9,1,268
3025f404-64bc-474d-a270-7e9ac145240c,2020-06-22,3,1461,75,21,20,25,9,9,9,0,6,0,9,1,269
5494c37a-b347-4727-a9c6-6dc41c0299e8,2020-06-23,6,1467,77,21,19,28,9,6,14,0,4,0,9,,269
f8ef7dc5-5d94-4f93-85a8-563ece152b52,2020-06-24,7,1474,78,16,21,28,13,7,10,0,5,0,13,4,273
ade23dce-0b7e-4c77-9bc3-15f117dfb957,2020-06-25,1,1475,67,12,18,25,12,9,14,0,5,0,12,,273
19616ea6-8c12-4133-ac70-a6f2837e8e94,2020-06-26,5,1480,64,12,15,26,11,8,18,0,4,0,11,1,274
4bce403a-e7a7-4278-83ff-457dfeeda3f7,2020-06-27,4,1484,61,10,13,27,11,9,23,0,2,0,11,,274
5512a4d1-9d6c-4448-aaa5-e58063fd7342,2020-06-28,7,1491,66,11,14,28,13,10,24,0,4,0,14,,274
3beacc19-0f94-4642-9c8d-23d12b7a5aaf,2020-06-29,5,1496,69,13,13,32,11,10,26,0,4,0,11,,274
53ba06b7-5185-45e7-b48b-0b9223a84b47,2020-06-30,4,1500,71,15,12,33,11,8,27,0,4,0,11,1,275
34730453-7ddf-4119-b60c-4d658fbadeb8,2020-07-01,10,1510,75,15,18,32,10,10,28,0,4,0,10,,275
223ad19b-eb8d-49fe-b43d-7271864e5666,2020-07-02,4,1514,72,11,22,28,11,10,28,0,3,0,11,1,276
507a1014-1753-4979-8058-f425979a3620,2020-07-03,7,1521,71,13,22,25,11,11,28,0,3,0,11,,276
aab14a2b-8e4f-45a0-a732-da7857a49934,2020-07-04,3,1524,70,15,20,22,13,11,29,0,4,0,13,2,278
82aa5311-b95e-4993-8418-f7a3069caf4a,2020-07-05,9,1533,73,14,24,22,13,13,24,0,6,1,13,2,280
3227f473-fed8-4b34-ba85-7daf252d2333,2020-07-06,2,1535,69,11,25,23,10,11,22,0,5,1,10,1,281
afe908ad-78b4-4513-a5cc-f6985fb28bc2,2020-07-07,10,1545,77,14,28,24,11,13,24,0,7,1,11,,281
c29b7bb5-26ef-405e-8c01-dd2fafa72646,2020-07-08,10,1555,85,17,29,29,10,14,30,0,6,1,10,,281
58c11d7f-d9ad-4f84-923f-a44d52ae19e3,2020-07-09,5,1560,73,10,25,23,15,15,25,0,8,1,15,1,282
b1b6d1da-ab94-4afb-80e8-072752b992df,2020-07-10,5,1565,69,12,18,24,15,15,27,0,9,1,15,,282
26012213-d0ef-4852-a08f-fad3d6cc2e44,2020-07-11,3,1568,64,11,18,21,14,13,26,0,10,0,14,,282
65b09273-eb64-4107-be12-d180cbb77b94,2020-07-12,3,1571,65,8,20,22,15,14,28,0,11,0,15,,282
18ca65e8-0baa-4511-98ca-c79090679f92,2020-07-13,8,1579,71,7,23,22,19,14,32,0,11,1,19,1,283
7271feb4-be2f-4394-aaae-b54851a4b003,2020-07-14,2,1581,71,7,25,22,17,13,34,0,11,1,17,1,284
4651f045-f5b7-4aa5-a8ac-a3dd0175f0d8,2020-07-15,13,1594,80,13,28,22,17,12,31,0,11,1,17,,284
a6eca6bb-15d9-411c-9ca5-359f8f074d63,2020-07-16,5,1599,76,15,20,20,21,14,34,0,12,2,21,,284
0ba2e24d-fc4b-4409-a710-be12ef31f055,2020-07-17,6,1605,74,11,22,21,20,13,34,0,11,2,20,2,286
be0a1a56-f73e-4b10-9973-f9aaa5d105ba,2020-07-18,8,1613,74,14,23,18,19,12,33,0,11,1,19,,286
85a6861d-149d-4eac-abe4-58e06d6b26a9,2020-07-19,4,1617,74,11,24,20,19,14,34,0,12,2,19,1,287
da5c4666-fd6c-4e42-8d66-cfb900c3f03a,2020-07-20,3,1620,71,12,25,16,18,14,30,0,11,2,18,,287
5bd72758-96ea-4040-816a-ecaf5debaca6,2020-07-21,10,1630,78,16,22,18,22,13,30,0,10,2,22,1,288
4eac58e5-da14-4301-aff2-ba2d82a074a7,2020-07-22,17,1647,92,26,27,18,21,12,30,0,10,2,21,2,290
85077292-7e2b-4cb3-bbf1-e1938c50d81c,2020-07-23,10,1657,91,22,25,24,20,14,34,0,10,2,20,1,291
c24f5c08-101b-4da1-94b1-4dbc95e06728,2020-07-24,9,1666,94,22,26,30,16,15,25,0,10,2,16,1,292
ae8221e5-b6ef-493c-8bd5-b3c95951d795,2020-07-25,9,1675,92,20,30,27,15,14,25,0,9,1,15,1,293
c6b5547b-faf3-42b9-9890-1dad083e837f,2020-07-26,5,1680,91,20,31,26,14,14,27,0,9,1,14,,293
81eaca9d-52ea-4d9a-9dcc-4815bf0e1af2,2020-07-27,22,1702,109,29,37,26,17,16,30,0,11,1,17,1,294
af6367eb-3c02-41e6-93c3-90280894c48f,2020-07-28,11,1713,114,30,36,31,17,16,30,0,12,1,18,,294
c34a7a2d-6bc4-4220-a553-f214417e331b,2020-07-29,15,1728,116,27,36,35,18,18,33,0,13,1,19,,294
3c23dac6-34b1-4a44-8d98-5058504cbfb9,2020-07-30,12,1740,117,22,35,40,20,18,35,0,14,1,20,2,296
4d07e1c9-93b2-4c13-99e7-cb5166cd4c4f,2020-07-31,12,1752,114,25,30,40,19,17,32,0,11,1,19,2,298
8966b556-f3b5-489a-8993-7098143935fd,2020-08-01,8,1760,116,26,35,36,19,15,30,0,10,1,19,1,299
0d27e188-09f2-465a-aafd-d722002a2b0c,2020-08-02,3,1763,109,23,34,34,18,15,27,0,12,1,19,1,300
8538973e-9c8b-4a01-87f4-c79c2ce99970,2020-08-03,10,1773,113,25,33,39,16,14,35,0,10,1,16,2,302
4b04943b-6bf0-4187-ae81-5a3c325d95f5,2020-08-04,14,1787,115,20,45,37,13,14,35,0,9,1,13,,302
a9a27d78-fa16-4bff-a712-9f1029826c44,2020-08-05,9,1796,110,20,45,30,15,15,24,0,8,1,15,1,303
21f9f8ff-f427-45f9-b21d-e8fafd09a26a,2020-08-06,4,1800,105,19,44,28,14,15,22,0,10,1,14,1,304
3f8b1269-1741-4439-90e0-0739bc33a2da,2020-08-07,14,1814,106,16,45,29,16,17,22,0,10,1,16,,304
50a5cce0-ecd3-40f5-8ab7-69fbe085abef,2020-08-08,9,1823,104,17,41,30,16,12,21,0,8,1,16,,304
fbe79b2d-68e8-407f-8424-dd88abd077ec,2020-08-09,13,1836,107,15,48,27,17,20,27,0,11,1,17,,304
5355e4d8-bc27-495b-a876-c1f885d9dff8,2020-08-10,12,1848,113,21,42,27,23,22,29,0,14,1,23,,304
104f5c1b-968d-4231-9217-9253b5e27238,2020-08-11,8,1856,110,17,39,31,23,21,31,0,14,1,23,2,306
59e81e9a-09c0-4326-b971-42da7b14c804,2020-08-12,13,1869,101,9,36,34,22,22,29,0,15,1,22,,306
355508ae-3a4b-423c-92cf-e63d601d6d82,2020-08-13,13,1882,106,10,35,38,23,23,30,0,16,1,23,1,307
df301a96-1a6b-4972-bd12-23f23b728860,2020-08-14,19,1901,113,7,45,37,24,22,33,0,16,1,24,2,309
dc48473f-10b8-4599-bf54-764b0f86de69,2020-08-15,12,1913,103,6,43,28,26,21,34,0,15,1,26,1,310
34c1b4d3-1d42-4771-8291-0ba57a98a49f,2020-08-16,11,1924,101,6,40,31,24,21,32,0,17,1,25,2,312
98b5d3a5-7bb3-4db5-a43c-2c8e8ed1636d,2020-08-17,16,1940,113,10,50,27,26,22,24,0,18,1,27,3,315
71975fe6-3198-4f92-b5f8-dcccf19aee12,2020-08-18,6,1946,103,8,43,27,25,25,27,0,18,1,26,,315
5603af6f-4eb4-40fc-98a0-d1ecab5c6c99,2020-08-19,14,1960,108,7,46,31,24,27,26,0,20,1,25,3,318
145436af-15bc-4e4c-8f76-202067118df5,2020-08-20,22,1982,116,8,49,35,24,26,33,0,20,1,24,3,321
dfe2e7bc-641d-49aa-adf4-86ba38738fd5,2020-08-21,22,2004,119,11,46,38,24,24,34,0,18,1,24,2,323
3711d07e-fcd4-4265-99aa-77b91efa0fc7,2020-08-22,14,2018,124,8,54,36,26,26,36,0,19,1,26,,323
b7679ec0-3f2c-4f9c-aa30-879753848185,2020-08-23,10,2028,128,10,53,41,24,29,46,0,19,1,24,2,325
fc346260-b87d-441e-9d34-dfd92538eaec,2020-08-24,9,2037,129,10,48,39,32,33,47,0,21,1,32,1,326
6c60f9a0-2bea-48ec-bd80-87b3f4da8d53,2020-08-25,16,2053,131,13,53,33,32,29,41,0,19,1,32,2,328
03da61a9-3f50-4bf9-96ea-bd7e8ea458f5,2020-08-26,15,2068,136,9,62,33,32,31,41,0,20,0,33,1,329
5c3246ab-8ead-4d51-96e2-9f8860584a44,2020-08-27,21,2089,147,12,52,51,32,34,49,0,22,0,33,,329
f39e11fb-982f-4f5b-a534-a670b56e34a4,2020-08-28,23,2112,156,9,53,57,37,37,62,0,22,0,37,,329
f901b8f8-5b3e-4acc-8108-5be21f352dbe,2020-08-29,15,2127,155,11,50,58,36,37,58,0,25,0,36,3,332
6490921b-1305-4fed-b647-645668939419,2020-08-30,15,2142,154,7,57,54,36,39,58,0,25,0,36,1,333
b3d859e9-596b-4432-8590-724115de9609,2020-08-31,22,2164,171,8,67,60,36,40,57,0,26,0,36,1,334
d79130c0-5028-407b-bd2d-ab771829c947,2020-09-01,20,2184,178,10,70,57,41,45,60,0,27,0,41,1,335
eafa6cb6-b35c-4fd1-acd3-d4526594e5d5,2020-09-02,19,2203,180,15,66,57,42,49,53,0,29,0,42,,335
fd5832cc-d322-49f5-b56b-3fe8402f128a,2020-09-03,36,2239,195,20,74,57,44,46,55,0,32,0,44,4,339
3b164dcd-94ee-41bf-93a6-f3275270c886,2020-09-04,34,2273,207,16,82,60,49,51,56,0,34,1,50,2,341
c1d816c3-988b-4af0-9ba3-a87567ffbcc2,2020-09-05,33,2306,209,12,78,67,52,49,67,0,34,0,52,4,345
4aae5763-6e4a-4d00-a442-3d7d38ec0c17,2020-09-06,20,2326,220,12,81,71,56,52,74,0,36,0,56,3,348
e3497855-f63a-4023-989e-009fcd383e3c,2020-09-07,45,2371,256,16,97,78,65,53,85,0,40,0,66,1,349
5e29dad7-9618-461b-92c2-192d8609e2b6,2020-09-08,27,2398,253,20,84,92,57,50,86,0,37,1,57,4,353
90b6b71c-10f3-4d68-8a89-50e9cf7ee78f,2020-09-09,47,2445,266,18,85,102,61,55,102,0,40,1,62,3,356
e648f924-194c-42f7-aa9c-1663d3d69906,2020-09-10,35,2480,272,15,86,104,67,58,103,0,42,1,67,3,359
f4d3a9c8-aa78-40cc-a4a1-3c9b364fe999,2020-09-11,57,2537,310,14,114,116,66,62,123,0,44,1,67,3,362
08221887-124b-4191-9249-a82889c11d35,2020-09-12,31,2568,283,14,96,110,63,57,118,0,42,1,64,4,366
ae4ff381-bd39-4691-8d32-e3bbcdd181c2,2020-09-13,46,2614,305,12,108,120,65,63,131,0,45,1,66,3,369
db467d78-cea7-4231-8e60-b5167b021a38,2020-09-14,52,2666,339,20,124,120,75,70,135,0,42,1,75,4,373
3f348372-bb43-46fb-899d-a9a49eae4bc2,2020-09-15,78,2744,369,21,152,122,74,70,145,0,42,1,74,6,379
6b2dea5b-7740-41d1-a7be-5e46f8e4ab93,2020-09-16,73,2817,399,24,161,134,80,74,166,0,43,2,80,7,386
9facb091-c135-48b9-af0a-b9407f79c7e1,2020-09-17,135,2952,495,32,205,167,91,81,193,0,50,4,91,5,391
40f8be1c-06ae-4e03-8fe0-c62ee7ef03d8,2020-09-18,86,3038,525,41,195,193,96,98,206,0,58,4,97,11,402
0136550e-a0a3-40eb-961d-33b801c83137,2020-09-19,74,3112,508,30,188,197,93,112,221,0,57,3,94,6,408
031a40c2-2198-4924-86ee-642322d133d9,2020-09-20,59,3171,532,23,200,203,106,122,233,0,59,3,107,5,413
4608d493-aac3-4462-a376-23f2fc4693c3,2020-09-21,105,3276,613,32,237,231,113,144,268,0,71,3,114,14,427
5595e246-f449-418f-9c0d-49b6daf938ac,2020-09-22,105,3381,637,42,238,237,120,137,270,0,75,2,123,10,437
63c08798-ff06-4560-8956-a703b7a4d145,2020-09-23,138,3519,710,52,258,265,135,147,307,0,80,2,139,19,456
d02cbe3c-b921-4398-adcf-62aedaf9ac7b,2020-09-24,143,3662,768,52,270,291,155,157,347,0,93,4,157,9,465
d104d566-4827-46f7-9840-37c9a6ef8c04,2020-09-25,135,3797,825,48,296,317,164,158,382,0,96,3,167,8,473
a8ecbdc6-b018-457c-8597-8ed8077169cb,2020-09-26,106,3903,797,33,254,326,184,163,401,0,98,3,187,14,487
402cf73c-bc36-42dd-9441-52800f00f1a8,2020-09-27,117,4020,823,33,268,334,188,178,412,0,107,3,193,15,502
1f4f11a0-1ec5-4a83-95b0-8df50264c572,2020-09-28,100,4120,845,34,290,324,197,191,443,0,101,2,198,9,511
4a0495de-9643-4477-8691-386cf8aa78d8,2020-09-29,188,4308,998,64,350,380,204,197,469,0,109,1,206,18,529
3b28d7f1-06a7-4431-b6d1-7c6da17a5132,2020-09-30,193,4501,1062,78,365,423,196,196,500,0,111,2,197,10,539
9cf89eb5-fb79-4301-9c84-cd0987a2c2f9,2020-10-01,200,4701,1164,70,413,449,232,219,535,0,126,3,233,19,558
94e9aa36-537d-4c36-bb1a-ab0645e9a2ac,2020-10-02,211,4912,1241,64,439,494,244,225,571,0,127,3,245,18,576
7bf2e2cf-9d77-4f6e-8bac-d0d42d8f3359,2020-10-03,148,5060,1209,44,418,484,263,254,600,0,127,2,264,11,587
d387f714-8499-4934-8b59-de487660b1ae,2020-10-04,165,5225,1281,50,421,545,265,268,626,1,130,2,266,25,612
b583e481-3179-4f87-9868-7949d0019364,2020-10-05,296,5521,1488,90,470,614,314,282,692,2,146,3,321,24,636
a93a28f6-458c-433e-9ead-f3e800411f83,2020-10-06,296,5817,1634,117,525,661,331,316,736,2,156,4,336,29,665
8a298433-7c35-4f5a-b0f0-1f324e82cb00,2020-10-07,330,6147,1786,162,539,721,364,346,818,11,173,4,369,42,707
2972e437-b80f-499a-b5e3-d1e376d46d88,2020-10-08,358,6505,1957,185,607,761,404,358,898,24,175,4,407,22,729
381a06dc-5b1f-4096-adbd-9af80e50d13e,2020-10-09,362,6867,2149,207,631,898,413,389,965,56,192,5,419,53,782
5ac023d6-def2-4abe-9e27-fb4a5f486a52,2020-10-10,277,7144,2168,216,592,923,437,420,1024,63,206,4,442,41,823
9fb639cf-50a5-48b7-a6f0-dfaaa9ebd22a,2020-10-11,254,7398,2220,201,632,977,410,411,1093,60,193,3,414,35,858
ba7bcd56-39b6-4582-9a4a-6927518b21bb,2020-10-12,499,7897,2579,274,805,1032,468,435,1178,66,217,2,475,58,916
fbdcf3a2-0459-4613-9bb5-b82a902de314,2020-10-13,454,8351,2692,312,822,1063,495,452,1195,72,234,4,501,47,963
0c27981c-d448-440e-8fd2-d560b5ccf668,2020-10-14,534,8885,2990,327,930,1212,521,478,1322,73,245,5,523,54,1017
53af2a52-d2b1-4a83-aef2-10cb56e0f30d,2020-10-15,501,9386,3207,346,915,1406,540,514,1502,79,269,7,543,48,1065
e03ef0b9-5bb4-4613-93dc-a4b21147948a,2020-10-16,582,9968,3452,355,1037,1487,573,555,1604,85,290,9,578,63,1128
e78df804-f609-4040-8a87-3b2cb5ee4338,2020-10-17,503,10471,3552,321,1073,1603,555,573,1672,88,302,10,559,71,1199
46393c92-e392-4797-b367-97352bc39b24,2020-10-18,483,10954,3713,274,1188,1689,562,598,1775,94,312,12,566,58,1257
352975fd-5c13-4f95-8715-262a01e53dc3,2020-10-19,697,11651,4154,340,1345,1856,613,622,1897,89,329,14,619,93,1350
fe67fd28-caa3-4f4e-b471-50cc7f9d0e81,2020-10-20,748,12399,4450,376,1443,1991,640,642,2035,104,344,14,642,88,1438
4d5f1a18-7cf6-4f54-8465-6e3727601604,2020-10-21,923,13322,4868,452,1600,2114,702,704,2185,119,362,14,709,113,1551
255233cf-282c-46ba-8004-6b9f430a0a4c,2020-10-22,840,14162,5108,498,1670,2221,719,751,2326,120,382,13,729,104,1655
dac9b603-3d99-4ca2-8c99-bed3dba262a8,2020-10-23,912,15074,5456,582,1793,2336,745,762,2387,125,379,16,752,114,1769
833d99ca-8a93-4ef6-afa1-1d0d00dacac3,2020-10-24,701,15775,5373,527,1694,2391,761,760,2503,147,377,12,770,119,1888
31fbccb9-7318-4255-8179-1a57c75c566d,2020-10-25,714,16489,5684,570,1798,2506,810,802,2640,145,387,6,814,125,2013
0fc689b7-a7a4-440c-a6eb-dd729cbc61e0,2020-10-26,1086,17575,6201,621,1974,2728,878,884,2844,152,433,5,883,142,2155
7560e7ec-3305-49aa-963f-cd1de080e577,2020-10-27,1026,18601,6533,708,2054,2835,936,876,2978,153,457,5,941,162,2317
bb2599b0-2634-4b95-a477-730bb916358a,2020-10-28,823,19424,6573,686,1998,2885,1004,888,3039,178,468,6,1013,145,2462
180a6c8e-fc33-4b5d-9b2d-056b6c19784a,2020-10-29,1027,20451,7273,865,2277,3095,1036,995,3255,190,523,8,1048,176,2638
f7073c81-80ab-496d-a748-94403aec7f75,2020-10-30,1175,21626,7657,880,2488,3208,1081,1030,3306,192,535,7,1093,195,2833
b8059e07-6255-4828-befd-e75e4332259a,2020-10-31,694,22320,7333,822,2287,3108,1116,1069,3369,204,561,7,1125,166,2999
ab20a348-00af-4c09-bac9-8c0dce48b705,2020-11-01,622,22942,7462,809,2271,3240,1142,1118,3452,208,577,7,1144,187,3186
6bf8f5af-50e8-445f-90d6-974f6f8c21e0,2020-11-02,1050,23992,8037,930,2586,3333,1188,1154,3569,224,605,7,1194,193,3379
858d72f1-f2c8-4603-bf3f-7f057ad13335,2020-11-03,1035,25027,8135,926,2641,3361,1207,1180,3593,226,627,9,1213,232,3611
ad6362e7-0858-4493-aae7-8ed7d0629c6b,2020-11-04,967,25994,8213,967,2739,3361,1146,1166,3568,226,605,8,1153,197,3808
c02f54fa-7920-4905-89eb-6f6873605a93,2020-11-05,859,26853,8224,959,2782,3331,1152,1176,3495,236,596,9,1158,170,3978
35c67f5d-2b83-4a4e-9175-3e0188f3aab4,2020-11-06,904,27757,8143,912,2787,3277,1167,1212,3437,275,603,12,1172,180,4158
e12323db-293c-4a0a-8fee-1bbce51cd88a,2020-11-07,542,28299,7509,797,2432,3157,1123,1157,3363,271,584,12,1127,179,4337
d494371a-937d-4281-aa22-7a54e68ffb71,2020-11-08,502,28801,7486,755,2394,3208,1129,1167,3367,282,583,13,1134,171,4508
571cc664-2e52-45c2-a480-52bf10fdd249,2020-11-09,847,29648,7783,890,2605,3159,1129,1181,3305,283,609,19,1138,152,4660
53aff0a1-e739-45a5-9d67-aa5b24f5ac13,2020-11-10,838,30486,7596,907,2515,3090,1084,1169,3208,300,604,19,1090,191,4851
f4a3f9a1-e81f-48bf-9643-d41cba5ec829,2020-11-11,716,31202,7364,917,2434,2975,1038,1110,2975,292,582,18,1049,163,5014
662b998d-f741-43f3-9bf5-594b1510fff4,2020-11-12,686,31888,7203,942,2327,2870,1064,1105,2897,321,557,17,1078,153,5167
0894f0cb-186b-45a1-8315-2f3862e55f18,2020-11-13,793,32681,7118,950,2336,2786,1046,1101,2755,330,545,16,1060,158,5325
eaf63f52-72f2-445d-a4da-9e24e95aa934,2020-11-14,443,33124,6574,836,2096,2617,1025,1068,2634,332,526,15,1036,161,5486
c685eb1d-8b85-45a8-a59a-0a07bb87269d,2020-11-15,355,33479,6421,788,2059,2562,1012,1045,2560,315,517,15,1020,130,5616
c450e07c-314d-4e60-a80c-58be3dcb1064,2020-11-16,676,34155,6655,891,2251,2550,963,1040,2566,291,503,15,972,142,5758
5fabddc0-2eab-4697-97bf-752cf400a2b8,2020-11-17,423,34578,6188,788,2024,2478,898,996,2489,285,470,14,911,114,5872
590f53c8-b40c-4083-aaac-b900418b52e1,2020-11-18,688,35266,6568,936,2278,2462,892,1007,2450,285,473,16,904,135,6007
a5c5a839-d17e-4480-be4e-ee52efda862d,2020-11-19,564,35830,6328,837,2228,2376,887,974,2371,284,465,18,896,112,6119
07bc8a39-8f47-429c-872e-00debf87686a,2020-11-20,502,36332,6085,831,2115,2311,828,960,2273,279,445,20,836,101,6220
699d3dae-b769-40fb-82bd-7a0e3689a291,2020-11-21,327,36659,5426,672,1736,2197,821,944,2152,279,449,23,829,118,6338
be1435d2-03a6-4fdd-b5de-d27d943e7464,2020-11-22,274,36933,5372,638,1758,2161,815,958,2136,275,446,23,824,100,6438
805f6ba7-2a37-47f5-b8af-c1b6c164c8d0,2020-11-23,555,37488,5725,833,1908,2159,825,950,2163,274,437,21,832,112,6550
04d44b57-ba88-4e96-a54f-743de3be711b,2020-11-24,593,38081,5550,814,1856,2085,795,881,2103,278,407,22,804,110,6660
3920630d-a2d5-4943-8875-1e275f5bd9c0,2020-11-25,477,38558,5327,767,1770,2039,751,856,2027,266,390,19,762,105,6765
01d7cea5-d40f-4df1-b13b-ee8b8da8a57c,2020-11-26,450,39008,5172,752,1735,1937,748,843,1935,260,395,18,757,114,6879
42401487-475b-4d59-9cc4-0175b125427c,2020-11-27,414,39422,4960,741,1645,1864,710,800,1812,240,369,17,716,119,6998
c6f29be9-2a87-48c4-b8f7-0a724cf69893,2020-11-28,269,39691,4479,565,1436,1821,657,780,1508,232,359,12,661,98,7096
8210c0b4-0ea5-4419-8a42-6e37a2eeae3f,2020-11-29,289,39980,4545,617,1441,1844,643,765,1547,238,342,12,646,78,7174
25c556af-e7cf-4394-b8aa-4ae0995ab9a1,2020-11-30,507,40487,4838,695,1630,1842,671,791,1541,240,350,11,673,110,7284
7048e504-495d-4c72-b322-413fd4f6b493,2020-12-01,450,40937,4662,672,1561,1833,596,733,1531,219,322,10,599,95,7379
02f5bd08-ceb4-4578-9da3-eece57569cb8,2020-12-02,445,41382,4558,659,1547,1756,596,717,1471,227,309,11,599,99,7478
3c20bfdf-6976-4783-ac9b-470e197d13c8,2020-12-03,500,41882,4536,606,1545,1798,587,718,1465,237,295,11,590,90,7568
9788b05d-cea5-4e1b-b91a-c942b4844bf2,2020-12-04,498,42380,4475,665,1449,1779,582,715,1497,227,294,11,586,80,7648
93bae343-0e18-44be-88b3-cf49223fd384,2020-12-05,280,42660,4110,560,1246,1735,569,692,1483,212,301,11,571,104,7752
554a570b-b0c0-461b-a554-2b38809c1d9e,2020-12-06,301,42961,4158,543,1294,1760,561,680,1508,219,298,12,564,80,7832
6976047c-eddf-47a4-8b24-8c79dfbd6858,2020-12-07,516,43477,4510,648,1452,1842,568,714,1556,226,293,11,571,85,7917
fcf3052f-485e-400f-956f-f3344505c010,2020-12-08,468,43945,4407,630,1392,1825,560,702,1528,223,290,8,563,80,7997
4af7008a-204a-49f1-898c-62a998f9b633,2020-12-09,546,44491,4462,602,1455,1863,542,687,1571,217,281,10,545,73,8070
c4890add-786e-4eeb-ba9d-fc5b00c3127b,2020-12-10,499,44990,4562,605,1532,1861,564,712,1590,215,300,7,567,99,8169
28d07b35-8127-495d-8ec6-052a8e7057bc,2020-12-11,454,45444,4537,597,1517,1839,584,702,1562,214,313,9,585,99,8268
2a0e20fe-e1a8-43db-a8ac-71d191f1381e,2020-12-12,372,45816,4316,514,1372,1863,567,696,1604,227,307,6,571,86,8354
d357baba-baa6-45a8-b5ef-e5a68260bc6b,2020-12-13,340,46156,4415,503,1410,1922,580,710,1642,221,305,7,583,97,8451
eacbe207-2daf-4788-904f-2b839c93013d,2020-12-14,546,46702,4776,680,1523,1964,609,728,1681,246,315,9,612,113,8564
6ac7d4ff-a05a-4b1c-90eb-8fd1e86c16f1,2020-12-15,573,47275,4748,660,1484,2006,598,725,1705,234,311,9,600,99,8663
8c3e165c-4e42-401c-aeaf-9911af6b13cc,2020-12-16,489,47764,4716,638,1465,2009,604,735,1690,241,313,9,605,101,8764
ca364792-373f-44b4-a9d2-4d4851d62c18,2020-12-17,528,48292,4780,702,1507,1970,601,725,1652,251,304,9,602,96,8860
539942fa-9a8b-458f-9892-ad5a661f694a,2020-12-18,528,48820,4783,690,1519,1972,602,729,1653,254,314,9,603,94,8954
f2f83fd7-2c31-47c1-aacd-7c21dc329a28,2020-12-19,334,49154,4483,583,1381,1919,600,746,1645,266,309,10,601,102,9056
549cafd6-c52a-4959-bac7-2f8656de946d,2020-12-20,375,49529,4579,550,1438,1974,617,755,1680,272,304,11,618,86,9142
d75f6375-f725-43b4-9090-6027e2cfad71,2020-12-21,557,50086,4959,688,1641,2000,630,765,1680,275,309,10,631,90,9232
dd4221f5-161f-4565-99c7-ec13446d56c9,2020-12-22,634,50720,4937,613,1632,2053,639,770,1715,271,322,8,640,92,9324
205d75d4-7012-495b-a454-3597932625b4,2020-12-23,641,51361,4973,625,1577,2101,670,780,1737,277,335,10,672,104,9428
9272f1d5-ad6b-43a6-8e45-bdc7ddc1fdfb,2020-12-24,370,51731,4310,449,1284,1930,647,749,1647,279,322,10,648,99,9527
2038d58e-47e1-4b02-9d14-53ad9836ee5c,2020-12-25,471,52202,4386,446,1275,2006,659,769,1751,282,332,8,659,88,9615
2539ffdb-3f8f-40e4-b304-639d10752b7f,2020-12-26,528,52730,4651,436,1378,2135,702,806,1864,300,351,10,702,116,9731
ff24b2c0-8161-4135-80fd-9fc6ba032f54,2020-12-27,560,53290,4966,458,1481,2294,733,846,1990,307,369,12,733,100,9831
2df99cb1-ae1c-4039-8fa9-ab88455505cb,2020-12-28,873,54163,5726,581,1700,2660,785,906,2299,330,391,14,786,120,9951
ecabf5ec-04d7-4dce-b25e-556797bf5c9f,2020-12-29,931,55094,5977,588,1796,2744,849,941,2359,371,412,15,850,123,10074
99bdc090-adaa-4a14-a16f-d3234c8e3eb6,2020-12-30,810,55904,6142,574,1832,2871,865,956,2482,369,426,18,866,140,10214
962e0203-2e4d-463b-8b44-8f52cea48098,2020-12-31,769,56673,6163,563,1816,2902,882,974,2503,384,435,18,883,115,10329
4da81a4a-360f-418d-92ba-1e7ca318f12f,2021-01-01,580,57253,5669,436,1501,2836,896,952,2501,404,435,15,897,143,10472
45dfde86-6b11-4bd3-85df-ca1bd55535f8,2021-01-02,691,57944,5973,428,1622,3021,902,963,2687,395,456,16,903,134,10606
0cd954c0-c091-425e-9ecb-f326b2d1714e,2021-01-03,652,58596,6286,448,1737,3161,940,1009,2803,403,475,18,941,125,10731
a4f4c01b-6af9-4470-aa13-b72ccf0cfcb9,2021-01-04,998,59594,7224,631,2113,3479,1001,1094,3026,427,512,20,1001,133,10864
17ca4ff3-4bd8-4791-8ec2-fc08d4f45632,2021-01-05,1010,60604,7412,660,2208,3494,1050,1115,3056,455,535,19,1050,158,11022
7312090a-9c05-476f-9aac-6db4ec5b3b5f,2021-01-06,908,61512,7404,575,2205,3533,1091,1154,3087,475,555,20,1092,144,11166
297c5ff4-2f32-477b-a77d-ce243a466df4,2021-01-07,925,62437,7562,642,2210,3580,1130,1151,3084,489,564,22,1131,174,11340
191d45ca-580a-4d16-931e-7980a5b5cd31,2021-01-08,806,63243,7351,641,2172,3410,1128,1144,2942,536,534,21,1129,181,11521
ef630d2f-a449-4fee-ad89-c336fab9a3e6,2021-01-09,587,63830,6775,492,1832,3356,1095,1150,2976,517,530,20,1095,153,11674
b263cc52-d5da-417f-b9bc-eba37848cdc1,2021-01-10,544,64374,6881,491,1907,3361,1122,1177,2985,522,549,20,1122,160,11834
ee8c8de0-f82c-462f-bad4-0b32a9276ef8,2021-01-11,858,65232,7427,689,2128,3439,1171,1190,2987,544,566,20,1171,150,11984
ffec5cc6-f795-4c76-af45-36cf8410a9cd,2021-01-12,856,66088,7484,721,2072,3532,1159,1179,3058,520,565,17,1159,160,12144
1aa7c57d-7202-493f-bb06-bc9dc4fe97c4,2021-01-13,695,66783,7313,683,2084,3398,1148,1175,2976,512,571,13,1149,153,12297
cea50ee6-23d7-43cb-95bd-a96c16c9c310,2021-01-14,666,67449,7237,699,2013,3373,1152,1186,2933,495,589,14,1152,169,12466
22913b05-cd13-4a5c-8075-7bfb2f977b5f,2021-01-15,717,68166,7153,736,1982,3284,1151,1176,2879,487,601,15,1151,157,12623
7a5d2f3b-cf2e-47b2-b3da-57bf63cb4dd1,2021-01-16,451,68617,6533,582,1687,3121,1143,1167,2765,494,591,16,1143,135,12758
9a9b8c5c-4923-4003-9f75-e7bd6c66f07b,2021-01-17,406,69023,6506,590,1717,3072,1127,1139,2751,486,597,14,1127,140,12898
f5df1d6c-45f5-4635-9c35-7c44f3d36a18,2021-01-18,702,69725,6969,766,1959,3111,1133,1163,2706,486,594,15,1133,144,13042
ce50abad-eb96-421e-bfc6-41f65d60043d,2021-01-19,703,70428,6701,709,1895,2989,1108,1144,2643,484,584,15,1109,138,13180
51f672ef-1965-4227-8c75-25438ed649ff,2021-01-20,678,71106,6538,619,1833,2986,1100,1119,2600,491,565,16,1100,139,13319
6f9e4278-8abd-4e6f-a6d4-8f67f4289f65,2021-01-21,580,71686,6408,627,1752,2955,1074,1112,2593,486,558,19,1075,137,13456
b61c022d-7ed2-47cc-897e-b056a3289b9b,2021-01-22,610,72296,6391,604,1760,2928,1099,1114,2561,489,541,17,1099,124,13580
cbed10f7-d343-40b8-894e-e2108435c7a0,2021-01-23,453,72749,5876,453,1523,2826,1074,1094,2527,483,536,19,1074,128,13708
1eee24ee-1b29-4d87-b9bc-ecd5584c6b83,2021-01-24,382,73131,5913,441,1555,2853,1064,1059,2528,463,539,18,1064,130,13838
8c65766d-3e61-4b07-ae52-01da7c349c89,2021-01-25,660,73791,6338,603,1817,2875,1043,1084,2550,467,541,17,1043,126,13964
310ac90d-f174-42cc-b9bc-25cd73c80304,2021-01-26,644,74435,6306,575,1770,2919,1042,1047,2532,444,548,15,1042,134,14098
477d8d01-d33a-4dfd-8317-a6f2acdfb7c9,2021-01-27,586,75021,6159,576,1742,2833,1008,1039,2427,424,549,17,1008,145,14243
13b551a7-d22c-4979-a320-2f6ebca82b89,2021-01-28,558,75579,6042,570,1708,2760,1004,1018,2370,423,543,16,1004,119,14362
c193f295-a5ca-461b-a3d9-adb3c45837aa,2021-01-29,616,76195,5978,570,1708,2721,979,1020,2352,425,515,16,979,145,14507
eedfdfcd-2566-4cea-b6ec-c1403876f44b,2021-01-30,425,76620,5517,422,1424,2711,960,1022,2387,392,521,16,960,106,14613
fb1bf727-8742-428f-bc37-407565577cd1,2021-01-31,387,77007,5562,418,1457,2718,969,1040,2383,400,528,17,969,105,14718
5748c9ed-ce90-4f3c-aa43-8466ccba98ba,2021-02-01,741,77748,6101,551,1690,2838,1022,1078,2467,427,545,19,1022,116,14834
f6335c19-17c2-4b24-a632-1a8e9c11738b,2021-02-02,638,78386,5989,485,1698,2773,1033,1090,2402,457,531,17,1033,124,14958
1be769fa-fa71-45af-a75a-36ffe5fd6e62,2021-02-03,617,79003,5960,483,1672,2789,1016,1076,2425,452,530,16,1016,124,15082
573a33af-e600-447f-85fa-dc9aee9e66d7,2021-02-04,642,79645,5999,495,1677,2796,1031,1102,2405,448,547,17,1031,118,15200
125aed4f-3d83-4bcf-9691-b0e88f0269dc,2021-02-05,591,80236,5984,504,1688,2748,1044,1088,2376,463,540,17,1044,110,15310
293533fb-9678-4e81-9fb5-43c891056f06,2021-02-06,476,80712,5651,406,1503,2699,1043,1070,2355,461,526,17,1043,119,15429
9eefa081-87d5-496e-b649-e47a2e1c45af,2021-02-07,435,81147,5791,448,1526,2764,1053,1098,2418,455,545,14,1053,113,15542
f0c8eaa8-9afc-411f-ad0a-a4ac24624a9e,2021-02-08,688,81835,6230,568,1725,2848,1089,1107,2478,481,539,15,1089,125,15667
0555f2bb-ce5a-454b-860a-aed987437037,2021-02-09,657,82492,6154,581,1621,2859,1093,1094,2499,510,526,12,1093,119,15786
3e9b9156-0752-49da-a792-df488cf41059,2021-02-10,637,83129,6083,545,1668,2775,1095,1111,2432,516,524,13,1095,119,15905
3e0ae718-c491-47fc-a564-0f6e5cc5057b,2021-02-11,632,83761,6062,544,1603,2804,1111,1117,2465,516,546,16,1111,120,16025
d520690c-b5a6-4b34-8664-5872e26e26b9,2021-02-12,617,84378,5997,537,1593,2763,1104,1115,2412,502,558,15,1104,130,16155
5d617a96-1e93-4162-8a97-19047b8827b8,2021-02-13,476,84854,5679,390,1362,2823,1104,1108,2480,518,563,16,1104,100,16255
df8df013-8842-40eb-8e01-b26949190db7,2021-02-14,537,85391,5890,388,1394,2960,1148,1148,2598,542,581,14,1148,128,16383
57ec1503-53a6-409b-b7a1-3fa85e55331d,2021-02-15,727,86118,6388,505,1627,3058,1198,1174,2633,594,571,16,1198,109,16492
e059733b-2cc3-4446-ab57-e3a291d780b9,2021-02-16,763,86881,6420,514,1609,3065,1232,1217,2669,595,596,17,1232,136,16628
4a9710fc-9ff8-467e-860a-228c252768df,2021-02-17,800,87681,6499,458,1625,3140,1276,1245,2732,619,609,17,1276,120,16748
937aece5-0a96-452a-a329-ddccf976e61e,2021-02-18,732,88413,6610,435,1688,3197,1290,1270,2776,620,618,18,1290,160,16908
46edfebd-f09e-4b82-9033-5eeba873d4ba,2021-02-19,780,89193,6614,437,1734,3142,1301,1273,2695,625,636,16,1301,166,17074
5c55ba26-75fd-4aec-86e1-1959ce7d092f,2021-02-20,561,89754,6213,351,1468,3098,1296,1270,2704,601,656,16,1296,156,17230
e617cb90-3925-4f50-bb88-e4d61c54d0a3,2021-02-21,597,90351,6420,394,1493,3220,1313,1286,2823,615,664,17,1313,133,17363
04c5af7a-5788-40cd-90cc-7ccc310687f8,2021-02-22,921,91272,7114,501,1756,3461,1396,1364,3018,678,681,21,1396,146,17509
4d467652-e515-494b-9dee-fcae16a5f397,2021-02-23,853,92125,7148,480,1760,3474,1434,1391,3039,717,693,24,1434,135,17644
c5caf519-fe3f-44ef-8643-aa151f0f4c3b,2021-02-24,846,92971,7237,445,1828,3500,1464,1410,3048,735,680,25,1464,133,17777
31916ff1-d0d1-4bc8-a579-bfd36cc90e49,2021-02-25,922,93893,7464,440,1888,3577,1559,1464,3059,780,728,27,1559,162,17939
61ae4b55-e467-431b-82d7-453247434873,2021-02-26,908,94801,7569,465,1918,3654,1532,1440,3144,758,721,26,1532,180,18119
c1dc0c0d-ca92-4ebf-9df3-7171f11fe7df,2021-02-27,717,95518,7261,360,1584,3769,1548,1471,3253,775,716,24,1548,167,18286
89faf367-2814-44d7-afd6-d7dcdde80e26,2021-02-28,650,96168,7526,365,1670,3910,1581,1508,3390,781,742,17,1582,164,18450
1a240757-a77d-422c-9867-09ad07e2d387,2021-03-01,1156,97324,8341,495,2024,4156,1666,1588,3599,828,782,19,1667,188,18638
28967438-a85e-41a0-89f0-068eb336823d,2021-03-02,1050,98374,8525,514,2062,4228,1721,1598,3644,854,800,17,1721,182,18820
18e10b38-c5ff-443c-8943-5c9d0778b111,2021-03-03,866,99240,8477,507,2044,4180,1746,1628,3621,865,808,17,1746,185,19005
68679826-eab2-47a8-85e1-0d8aebdc0aa5,2021-03-04,924,100164,8482,502,1928,4273,1779,1657,3703,871,831,20,1779,202,19207
09279695-8a1b-476b-940b-c6322fddfc25,2021-03-05,906,101070,8544,500,1960,4310,1774,1674,3734,864,845,22,1774,174,19381
bda6399a-d1c3-4324-bee8-904beb3da977,2021-03-06,747,101817,8191,383,1677,4360,1771,1676,3815,863,855,23,1771,189,19570
f9219249-8d2e-4875-835b-156621eacee7,2021-03-07,713,102530,8416,359,1802,4434,1821,1681,3904,891,874,24,1821,180,19750
c2d1594c-751a-4207-97a8-66db9fd7a3aa,2021-03-08,1043,103573,9091,508,2148,4532,1903,1777,3956,918,923,32,1903,214,19964
3f9104a5-c0a5-4073-b402-4b4f596ebf9f,2021-03-09,980,104553,9056,473,2078,4571,1934,1804,3970,969,912,27,1934,211,20175
f60fdd68-e07b-42ce-8394-63fe6c34fb6c,2021-03-10,1031,105584,9076,460,2077,4558,1981,1832,3980,1003,919,32,1981,209,20384
4eb9d72d-b1df-4423-bea7-d4aa5bc60283,2021-03-11,932,106516,9044,463,2062,4525,1994,1823,3951,1015,920,35,1994,212,20596
30d56533-4997-4d1e-84cf-34cd1557fd21,2021-03-12,973,107489,9012,471,2111,4430,2000,1833,3884,1010,929,32,2000,201,20797
b286bb1f-5d73-4464-93de-c937dc59260d,2021-03-13,745,108234,8609,367,1777,4490,1975,1783,3995,1004,913,33,1975,160,20957
51775f9f-3eb5-44a8-a868-1efe0edc3ede,2021-03-14,656,108890,8823,380,1840,4573,2030,1829,4061,1031,939,31,2030,211,21168
dd776333-f2b6-4297-a257-be7c42a3afb2,2021-03-15,1035,109925,9551,534,2191,4772,2054,1886,4207,1055,944,30,2054,216,21384
27a3c0f3-3922-4038-8d8c-b2d20a412302,2021-03-16,924,110849,9412,486,2171,4689,2066,1896,4119,1050,930,36,2066,203,21587
9f3b4136-cb1b-46f4-8412-cae44dfb8359,2021-03-17,875,111724,9242,505,2087,4612,2038,1861,4042,1056,926,35,2038,177,21764
1f690e04-c685-4387-bb8a-ccb5563aa5aa,2021-03-18,811,112535,9039,464,2067,4491,2017,1859,4017,1028,951,33,2017,199,21963
b72a9bf6-8bd3-48be-934d-3f5e9c5b0127,2021-03-19,808,113343,8845,471,2021,4358,1995,1819,3814,1011,945,34,1996,156,22119
7f4756cf-694b-4351-9bfb-ebaa808c5677,2021-03-20,562,113905,8280,368,1734,4208,1970,1781,3740,998,938,28,1970,161,22280
55fa7f83-2239-41e4-bf21-4ba54760b92e,2021-03-21,564,114469,8387,346,1791,4285,1965,1805,3816,987,934,29,1965,174,22454
702f6818-4f6b-4d2e-b77e-a35dcdd7ef88,2021-03-22,937,115406,9037,514,2154,4383,1986,1824,3836,961,974,27,1986,194,22648
213af4d2-c81c-4acf-a946-50aec7798639,2021-03-23,764,116170,8689,485,2057,4236,1911,1774,3702,918,931,25,1911,179,22827
cc3ea572-7b95-42d3-9180-2f0e8a087d34,2021-03-24,745,116915,8366,414,1998,4067,1887,1743,3558,902,924,21,1887,170,22997
6549bdb6-13ca-4d1a-844b-fd247da38b17,2021-03-25,729,117644,8206,411,1938,3982,1875,1742,3488,929,911,25,1875,144,23141
2b21b758-4b00-4850-9ef9-f70ae648a4ee,2021-03-26,711,118355,8083,433,1966,3848,1836,1677,3352,873,911,28,1837,137,23278
3bb7f03d-7705-458d-bf54-bfcafc656020,2021-03-27,564,118919,7559,327,1593,3834,1805,1644,3377,879,878,28,1806,166,23444
017fe1dd-bd0e-4e43-bb47-b440259bbf20,2021-03-28,495,119414,7611,303,1676,3868,1764,1655,3407,876,862,26,1765,107,23551
18ece04e-f703-40ac-9d44-e4840e01ffb2,2021-03-29,791,120205,8156,468,2032,3885,1771,1665,3379,871,863,28,1771,166,23717
ef729788-036d-455c-b812-0df988bd0440,2021-03-30,658,120863,7878,436,1909,3810,1723,1613,3299,856,837,28,1723,158,23875
91b1c5e7-4bba-4838-8383-1e5ad579a573,2021-03-31,655,121518,7556,458,1826,3657,1615,1553,3168,775,810,25,1615,145,24020
d31b8e39-1541-4aac-9871-399cba559bc7,2021-04-01,619,122137,7244,436,1789,3465,1554,1506,3017,741,786,24,1554,138,24158
f425c22e-a19c-4c11-b435-ef7ef9b6c916,2021-04-02,507,122644,6414,331,1436,3207,1440,1423,2829,668,760,28,1442,97,24255
1fce585e-4e64-4f27-9ae7-55b193817dcb,2021-04-03,475,123119,6257,279,1402,3152,1424,1398,2787,677,722,28,1426,113,24368
608795dc-f4e3-44ef-a03c-e748618fd35d,2021-04-04,444,123563,6353,264,1489,3194,1406,1379,2843,663,712,31,1408,123,24491
4cc3ec58-ec2b-4b9b-b7fe-242124d3b556,2021-04-05,367,123930,6419,273,1534,3230,1382,1347,2855,654,706,29,1385,109,24600
73530766-29f1-447d-98c2-0f6c9a86b3df,2021-04-06,640,124570,7099,421,1774,3482,1422,1395,3057,665,727,26,1428,104,24704
05e3c82f-c26d-4a7f-ab0d-3e82db7ebfde,2021-04-07,518,125088,6744,386,1641,3333,1384,1359,2878,634,700,23,1388,114,24818
a844f9e0-5f78-4f95-97de-c484d47fe30a,2021-04-08,433,125521,6265,355,1493,3107,1310,1315,2699,607,668,23,1313,114,24932
4c17196d-c9cd-49d9-bbd9-68b0f2de7866,2021-04-09,482,126003,5950,355,1507,2853,1235,1235,2431,571,625,24,1237,103,25035
6d86b20f-58c3-438f-803e-055006196412,2021-04-10,304,126307,5311,241,1195,2683,1192,1214,2339,556,601,22,1195,96,25131
5b8b1c1a-37e6-4b4c-af21-eb78a582033e,2021-04-11,283,126590,5264,255,1176,2679,1154,1196,2353,517,600,20,1156,78,25209
75c7f824-6edd-4bbe-aa3f-68298b86d716,2021-04-12,416,127006,5562,347,1389,2678,1148,1184,2348,515,593,21,1151,77,25286
8b0950da-4a67-49e9-83f8-ceaff201164b,2021-04-13,375,127381,5249,336,1286,2548,1079,1153,2250,480,568,18,1082,80,25366
c6f9004b-7029-4bf2-8178-a0f3cb9ff5f4,2021-04-14,390,127771,4945,306,1177,2417,1045,1110,2116,481,535,17,1047,84,25450
09ccb32c-938a-4951-b30a-ec5cfa3e18b9,2021-04-15,351,128122,4687,314,1162,2227,984,1035,1941,438,518,18,987,78,25528
f97133ec-785b-4354-8273-865e07ca3921,2021-04-16,343,128465,4435,326,1110,2058,941,1012,1790,414,513,18,944,59,25587
c4e4b0f4-6050-4157-9e87-68043759a838,2021-04-17,263,128728,4037,196,931,1999,911,975,1761,408,485,18,914,63,25650
9a5affcb-04a1-4b27-ab4a-53f69fd50925,2021-04-18,234,128962,4050,185,973,2002,890,975,1765,388,491,19,893,69,25719
e5c7bae7-df54-445b-aa35-f095e58416c3,2021-04-19,354,129316,4327,246,1105,2076,900,992,1820,395,488,22,904,68,25787
98c1f074-9e82-493d-8754-c68b72db6ccb,2021-04-20,330,129646,4164,274,1052,1980,858,942,1721,377,471,18,862,55,25842
290b4e41-9fba-4951-ad0b-351bc967065d,2021-04-21,337,129983,4005,258,1016,1874,857,908,1626,376,460,20,860,59,25901
9d83db18-850d-43ab-adf0-0a13205d604b,2021-04-22,261,130244,3771,267,902,1804,798,839,1538,353,420,21,802,51,25952
ffd8d7eb-8614-4905-93b5-21f410ea1216,2021-04-23,253,130497,3552,222,900,1670,760,792,1434,336,406,19,762,50,26002
ae1bd2fe-1cd7-40e2-8e0a-9f6566823b21,2021-04-24,166,130663,3205,165,752,1556,732,755,1367,329,379,17,734,50,26052
5f7b5e59-d0f8-47e7-be31-ab25e1b2522c,2021-04-25,169,130832,3196,170,759,1547,720,763,1362,328,373,15,722,51,26103
4e300739-bea2-4394-bda6-47dd141c0e69,2021-04-26,263,131095,3346,242,899,1512,693,741,1304,315,362,14,694,54,26157
7f17c306-4254-4d4e-b764-65e84893fad9,2021-04-27,250,131345,3173,218,818,1473,664,716,1281,282,361,17,666,46,26203
11e08fa1-e189-4469-826c-d1b94e33970f,2021-04-28,231,131576,3025,211,774,1430,610,689,1239,261,335,19,612,61,26264
33fa8094-e261-44eb-b439-1adcdd311902,2021-04-29,243,131819,2855,189,715,1387,564,640,1183,239,303,19,565,39,26303
70ffa8a8-8023-4cd2-b1f4-99842c7868d5,2021-04-30,205,132024,2698,171,700,1313,514,580,1133,216,278,18,515,43,26346
2bbf52d9-d5a2-45ea-bacc-7cf5451f609f,2021-05-01,158,132182,2485,130,586,1275,494,555,1137,219,262,17,494,31,26377
1e2df064-f086-461c-98ba-26f47bdf0589,2021-05-02,147,132329,2510,137,611,1276,486,559,1130,208,267,18,486,32,26409
ed65f081-8a9f-49fe-abe2-6a81ca461c1c,2021-05-03,255,132584,2706,196,707,1311,492,564,1126,215,263,14,492,34,26443
ffd25203-af92-48c8-b2c8-9edbf09df845,2021-05-04,172,132756,2554,171,662,1239,482,545,1060,215,250,15,483,43,26486
576c25a3-d287-47a4-8cc0-9910386fc7c2,2021-05-05,182,132938,2379,147,614,1186,432,503,1000,184,232,16,433,32,26518
f7ffdd03-4b3a-49db-9072-c148257b23d2,2021-05-06,171,133109,2241,154,587,1103,397,464,929,175,218,17,398,36,26554
97eb53f5-f8ef-47f4-96a2-9ec6294f1b4d,2021-05-07,176,133285,2145,171,579,1013,382,439,860,174,199,13,383,25,26579
e6c814cb-ae8a-40f5-9e82-059be68d649c,2021-05-08,92,133377,1900,120,450,963,367,412,818,171,184,12,368,29,26608
2265a31a-975e-4b26-89a0-801751442c3e,2021-05-09,102,133479,1882,117,437,958,370,416,821,170,181,11,371,30,26638
fe25e261-579f-421d-8354-50f7b7f93bf5,2021-05-10,176,133655,2006,155,564,921,366,424,784,168,184,11,367,29,26667
35b2f88b-5fb0-4e17-bdbd-f9cd6820ee5c,2021-05-11,139,133794,1852,137,502,866,347,401,736,168,164,10,349,28,26695
cbc32147-4eb6-4f62-944d-b800414c76e7,2021-05-12,138,133932,1740,155,466,791,328,379,664,163,155,9,330,30,26725
823f11ea-3ac4-4ac8-8cee-d1e1e9f9610b,2021-05-13,121,134053,1644,126,452,749,317,369,642,151,153,8,319,19,26744
13513c2b-129a-4a17-bf20-46ccb570f259,2021-05-14,105,134158,1556,117,421,729,289,343,622,141,138,8,290,16,26760
f6312bfc-ec6d-4525-8a55-6a7c97777f7b,2021-05-15,65,134223,1353,87,354,650,262,309,561,127,122,8,262,14,26774
43a2a83d-684f-4852-a676-2d5a3c83fef4,2021-05-16,65,134288,1339,81,357,645,256,306,557,124,122,7,256,12,26786
57158ed7-0138-4dc4-bde0-cc16f1d16483,2021-05-17,103,134391,1418,96,436,648,238,297,529,111,113,6,238,19,26805
1e24a47a-34c7-403a-ac12-6942c29c782d,2021-05-18,80,134471,1278,87,384,584,223,279,477,105,107,6,223,13,26818
4accd562-cecd-4b1a-ace8-15566e1367a6,2021-05-19,69,134540,1169,80,342,533,214,251,438,105,100,6,214,16,26834
bf8b1991-2538-46d4-9783-5499691d8a49,2021-05-20,68,134608,1081,91,312,491,187,220,407,89,92,5,187,15,26849
42ab69bb-8218-4b5b-a30c-079fa66e7979,2021-05-21,77,134685,1030,88,298,469,175,194,396,90,76,4,176,13,26862
c5f3fe31-bc60-455b-8424-6334c86bb33f,2021-05-22,35,134720,884,56,229,433,166,191,376,86,71,3,167,9,26871
ffefad32-8642-4813-8a6b-dfdf19bc0ddc,2021-05-23,29,134749,865,64,218,425,158,189,362,83,68,3,159,11,26882
a1c327d1-a911-4d26-965d-7bce56b67892,2021-05-24,57,134806,897,83,263,394,157,185,319,81,66,4,158,5,26887
d1c78376-e72a-4d0a-9381-4067ced3c235,2021-05-25,59,134865,804,77,201,390,136,164,316,67,62,4,137,8,26895
34fa2079-d1e2-42e1-8f18-0b96e93c70ef,2021-05-26,61,134926,776,77,213,357,129,156,296,58,64,3,130,10,26905
7aa6ced6-779f-4868-9b1b-3b379c67476e,2021-05-27,38,134964,680,60,181,318,121,147,269,57,60,3,123,14,26919
6cafb865-ec7e-4fc9-94d3-7e39f21bb2eb,2021-05-28,40,135004,626,56,185,285,100,127,243,43,55,3,102,6,26925
9701b760-4019-4784-9cc3-27f474f7c164,2021-05-29,19,135023,523,40,147,238,98,113,204,47,43,4,100,5,26930
6ddcdb13-386d-4633-82c3-3b2e648539c9,2021-05-30,27,135050,521,46,156,227,92,113,198,45,43,4,95,4,26934
0e5788ae-68af-482d-b8dc-33b5a4ff1c72,2021-05-31,41,135091,559,66,179,215,99,118,183,46,46,4,102,7,26941
665129b3-1b3e-4b09-a995-a54356538797,2021-06-01,28,135119,482,51,152,196,83,98,159,33,43,3,85,5,26946
d2d01047-e3b4-4599-99f9-9ff2aee9508a,2021-06-02,38,135157,446,41,152,176,77,91,141,33,40,3,80,4,26950
3bf7398e-1c27-456a-9bde-591fc98a19ce,2021-06-03,20,135177,397,43,129,152,73,86,122,34,36,3,75,2,26952
57d7bb38-fac6-45fd-82ab-53f20212549a,2021-06-04,28,135205,370,41,127,140,62,72,114,27,30,2,64,6,26958
912b29e2-5c3c-481d-b66d-a0a9810bde3e,2021-06-05,15,135220,305,27,100,126,52,60,106,25,22,1,53,2,26960
63cca942-29a4-4b77-9087-75cad2e52ac2,2021-06-06,12,135232,304,26,104,122,52,61,104,24,20,1,53,4,26964
8d23c91c-e378-4777-a68b-2fdfc0cdc1c7,2021-06-07,14,135246,306,32,110,119,45,58,100,22,19,1,46,3,26967
63415212-5461-4794-99d7-c6b5be8c2bee,2021-06-08,23,135269,290,32,88,127,43,59,108,20,19,2,44,5,26972
273a5761-911e-4746-b640-a26f2eac7e57,2021-06-09,15,135284,262,24,82,117,39,56,94,19,17,3,40,2,26974
4c24b90b-8c23-444e-b49b-f846d92f088f,2021-06-10,18,135302,239,27,77,99,36,53,80,17,15,2,37,5,26979
a1f5ead2-b0fa-4ba6-98c2-7a03ce2b8092,2021-06-11,10,135312,190,23,68,77,22,38,61,10,9,0,22,1,26980
66bf4d3b-733d-4f98-a1bb-c80c3ec4638e,2021-06-12,8,135320,163,15,53,70,25,38,53,11,10,0,25,3,26983
9859055b-0a1c-46b3-826c-a822912884c7,2021-06-13,5,135325,155,13,54,65,23,35,52,10,11,0,23,2,26985
5fd403b5-a8c9-4900-a864-04c4a7fd5193,2021-06-14,9,135334,171,19,60,66,26,37,55,11,11,1,26,,26985
c219ffd1-7739-4f93-9c0d-e7643b8096ad,2021-06-15,9,135343,144,21,43,61,19,27,47,8,9,1,19,3,26988
cf3d3262-3328-4d50-86e9-39c5e90dbe87,2021-06-16,6,135349,123,20,35,53,15,25,42,4,9,1,15,1,26989
472610d4-4250-47e8-a677-463d1f480b5a,2021-06-17,24,135373,122,24,27,54,17,24,41,5,9,1,17,4,26993
1c7d727a-30eb-40d8-97d2-59548bc8431e,2021-06-18,8,135381,114,26,28,42,18,22,31,6,11,0,18,3,26996
52489085-5280-4ce1-aab8-b3a94775a183,2021-06-19,10,135391,91,13,26,39,13,18,31,4,9,0,14,,26996
bf589f0b-c63b-4130-a648-91fd95cc3977,2021-06-20,2,135393,89,13,26,38,12,20,32,3,9,0,13,1,26997
f7cabc27-e9d3-4e4c-8aaf-06f023a0d884,2021-06-21,8,135401,94,18,28,35,13,18,32,3,10,0,14,,26997
32a96c8a-c6e4-4b59-bb43-ffb9f2af311a,2021-06-22,7,135408,90,18,26,32,14,17,27,4,9,0,15,2,26999
ac923cbe-297b-4203-82a8-e1fc30596a88,2021-06-23,7,135415,87,19,21,36,11,14,27,4,7,0,12,,26999
57575ae7-6d44-41ca-bfb1-de01d06fb441,2021-06-24,4,135419,84,21,22,28,13,16,22,4,8,1,14,2,27001
b660cf43-6d14-42c8-85d1-8fce4f409faa,2021-06-25,6,135425,70,20,24,16,10,16,9,4,7,0,11,1,27002
3c962abf-52ed-4528-bb71-6cd9ad3750ce,2021-06-26,2,135427,58,17,17,14,10,13,9,4,7,0,11,2,27004
98801c3c-e79f-405c-a698-52efac5e553b,2021-06-27,2,135429,59,17,18,16,8,12,11,2,7,0,9,,27004
f6cf8c7b-a49a-4577-a827-5278d16ed97c,2021-06-28,7,135436,65,18,21,17,9,14,11,2,8,0,10,,27004
c52b5462-78ef-4de4-83e5-ee04ccfd46b3,2021-06-29,2,135438,60,16,19,14,11,15,12,4,6,0,11,,27004
7d81e274-2955-4009-803d-5c64ef1f40c9,2021-06-30,10,135448,60,16,20,14,10,13,9,4,5,0,10,2,27006
089f9534-55f0-43cb-a7bd-4dc0fd049043,2021-07-01,4,135452,50,12,13,17,8,14,11,4,4,0,8,1,27007
405668fd-e721-4836-9578-3c5f7363fa47,2021-07-02,2,135454,41,14,8,13,6,7,10,2,3,0,6,1,27008
831f102e-04af-4cda-abb3-6c085607af4a,2021-07-03,2,135456,30,8,5,12,5,6,9,2,3,0,5,,27008
4599c15d-d524-4518-9d04-42d189261556,2021-07-04,3,135459,33,8,9,12,4,7,9,2,2,0,4,2,27010
1c3ccb8c-bc88-4154-89f7-1217ba2701c1,2021-07-05,2,135461,35,7,10,14,4,11,10,3,1,0,4,,27010
366ba3a3-a7aa-486d-8b09-644da4543409,2021-07-06,,135461,34,8,10,12,4,11,6,3,1,0,4,,27010
8c446a99-1632-4dee-abb5-56c478a75646,2021-07-07,8,135469,44,12,9,20,3,12,12,2,1,0,3,1,27011
a01eac1c-b441-4017-b038-34c2e59daa59,2021-07-08,4,135473,41,9,12,16,4,11,7,2,2,0,4,,27011
25b290f6-ce3d-462e-90d9-67e6da98eed4,2021-07-09,5,135478,37,8,11,14,4,8,10,2,2,0,4,,27011
817902e9-d118-433c-a934-dc8ca478d90c,2021-07-10,3,135481,26,5,6,12,3,7,10,1,2,0,3,,27011
7f77e2c4-1456-4ee3-a605-037e6a61293d,2021-07-11,5,135486,26,3,6,15,2,8,12,0,2,0,2,,27011
a92d1d3d-2f68-4c53-91cc-7d6f3b9aca03,2021-07-12,8,135494,35,3,10,19,3,9,16,1,2,0,3,,27011
a032f629-b184-4e67-97ab-c4b1ffdbaac8,2021-07-13,,135494,33,5,10,15,3,8,14,1,2,0,3,,27011
05866e5f-adef-476b-b7dd-15dcb8a7c6ef,2021-07-14,5,135499,31,6,5,15,5,10,13,2,3,0,5,,27011
06d8b8f0-7817-4269-b003-48d271219131,2021-07-15,6,135505,32,4,3,19,6,10,16,3,3,0,6,,27011
94efe7be-07e8-4226-bb34-fb0c3c63eeb5,2021-07-16,6,135511,35,3,6,19,7,10,13,3,3,0,7,2,27013
52e7a0c3-4031-4411-a967-7fbb7c458733,2021-07-17,4,135515,33,5,6,16,6,9,11,4,2,0,6,,27013
278f6337-dc6f-46e3-a8ed-35fb6895de21,2021-07-18,2,135517,35,5,8,15,7,10,9,4,3,0,7,1,27014
5631accf-d3f5-403b-a800-f6c3a7a53bce,2021-07-19,10,135527,49,10,11,22,6,10,15,3,3,0,6,2,27016
c93511b6-2f8d-4e88-9220-c28059f14457,2021-07-20,5,135532,45,5,14,20,6,6,14,3,2,0,6,,27016
94aa80a8-8c67-459e-bec6-f98f1e3506ff,2021-07-21,6,135538,47,7,13,22,5,9,17,3,1,0,5,1,27017
fee19071-d6f2-4cee-9b95-60da5db961c3,2021-07-22,6,135544,46,4,13,23,6,14,15,2,2,0,6,,27017
f6ae830b-03f2-42be-9369-31cb8cd62f36,2021-07-23,5,135549,46,6,17,18,5,12,15,2,2,0,6,,27017
e876c33f-f704-4b7e-8e18-0a6f08dfe475,2021-07-24,6,135555,43,5,11,23,4,9,19,3,2,0,5,,27017
66fc8c45-5045-4bf9-ad1d-b27f6895c667,2021-07-25,8,135563,50,6,16,24,4,10,21,2,3,0,5,,27017
4574aaae-de84-4625-a346-9e4821437d3d,2021-07-26,14,135577,62,10,20,26,6,9,21,3,3,0,7,,27017
e8b61396-b482-4f44-92d4-45bd8b9c401a,2021-07-27,3,135580,55,8,14,26,7,10,23,3,5,0,8,,27017
50ff25dd-1dc0-4c0d-ae5a-e03cebbd2ef3,2021-07-28,7,135587,55,5,16,27,7,11,24,2,5,0,8,,27017
12bde294-d4af-4f00-a3e9-f9149865c341,2021-07-29,11,135598,62,5,16,32,9,14,29,5,5,0,10,,27017
1421e6c1-1830-4a30-9937-729833645028,2021-07-30,4,135602,62,5,17,29,11,16,27,7,5,1,11,,27017
e4394cf9-22a6-4e99-8966-7f7a7e8c8eae,2021-07-31,5,135607,58,3,17,26,12,17,23,5,7,1,12,2,27019
0be93f2b-d88d-456e-99a9-6a7943a515d8,2021-08-01,4,135611,52,4,11,26,11,16,24,6,5,1,11,1,27020
54ce414a-1e92-4b8b-a0d5-a2ac7dec442e,2021-08-02,9,135620,61,9,12,27,13,15,27,5,6,1,13,1,27021
99d36662-d8e1-4736-8374-b1920651e35f,2021-08-03,3,135623,57,6,12,27,12,17,25,5,7,1,12,,27021
8773ae8e-f405-410d-90e9-c5d30558deef,2021-08-04,12,135635,59,5,12,30,12,18,27,4,8,1,12,,27021
1ae0d2e6-e42f-4c3c-80b3-407432cb1588,2021-08-05,3,135638,60,8,10,30,12,17,24,4,8,1,12,1,27022
13bcb0a1-71a8-44b2-934e-77fae83b2107,2021-08-06,9,135647,60,4,15,29,12,15,23,4,8,1,12,2,27024
04e0ff0b-3990-45cb-bf71-5ad24198c5f6,2021-08-07,6,135653,59,5,15,28,11,13,24,5,6,0,11,,27024
3006feb8-6431-44fc-9554-ebbd6e6000b2,2021-08-08,2,135655,58,6,16,22,14,16,19,7,7,0,14,,27024
ad20dca1-4691-4fde-b907-5b5bf4c7adcf,2021-08-09,7,135662,68,9,15,28,16,18,24,8,7,0,16,1,27025
88bb1c4e-e20b-43f0-bade-fbefd8742afc,2021-08-10,7,135669,63,7,17,22,17,18,20,8,8,0,17,,27025
67d0b959-028d-4ea1-9258-6fee974131bf,2021-08-11,7,135676,65,7,19,19,20,20,17,9,9,0,20,1,27026
e8972f9b-1f76-4a6e-9643-f2a440264d96,2021-08-12,5,135681,65,4,17,26,18,20,22,8,8,1,18,,27026
34d0ad93-22ac-4888-8eff-eecafb6edf70,2021-08-13,6,135687,56,4,12,24,16,18,17,8,8,0,16,,27026
11863124-0bc4-4eaf-a59b-1630a0476d45,2021-08-14,9,135696,59,5,11,26,17,19,20,10,7,0,17,,27026
82ebde25-035d-4420-8473-b6edb276ca2a,2021-08-15,5,135701,61,6,13,25,17,16,19,10,7,0,17,2,27028
9a7edeb5-7452-4647-908c-ace8d358eea0,2021-08-16,10,135711,74,9,14,33,18,18,27,11,7,0,18,2,27030
48984171-cc9e-4ec9-963a-a64eabf6d688,2021-08-17,7,135718,74,4,22,30,18,18,25,10,6,1,18,1,27031
7c1b51a0-f60d-46eb-8919-dca79cdcb651,2021-08-18,9,135727,78,5,22,35,16,19,29,10,6,2,16,3,27034
cce50f1f-ea03-4434-b01d-1a60c5f80df7,2021-08-19,10,135737,73,4,15,36,18,20,31,9,5,3,18,1,27035
32bbec2d-2fa5-4137-aa03-b59e2673311e,2021-08-20,10,135747,72,6,17,35,14,18,26,9,5,2,14,1,27036
80b5fb0c-51cd-4baf-ae09-184ae166540a,2021-08-21,6,135753,61,4,13,32,12,16,25,8,4,0,12,,27036
5c0b6ca0-b91b-485b-a587-44afab47bebc,2021-08-22,6,135759,66,4,17,33,12,17,27,7,5,0,12,,27036
d5a7dda4-df9c-4444-becd-bfdf564806c4,2021-08-23,8,135767,72,8,21,31,12,19,26,8,5,0,13,,27036
eec85503-f115-40e9-a2d2-f12df822471a,2021-08-24,11,135778,69,6,21,31,11,16,22,8,3,0,11,1,27037
3b2d3281-1581-489a-9ed0-11e6c53bb4b0,2021-08-25,10,135788,73,6,22,31,14,18,22,11,3,0,14,2,27039
be6f33b7-8144-48f1-af55-68dadcb0093b,2021-08-26,7,135795,71,6,26,27,12,16,19,10,2,0,12,,27039
249edbaf-ff11-42f8-b500-87e4b1b494f6,2021-08-27,7,135802,62,9,21,22,10,14,17,8,2,0,10,1,27040
8e73b8c6-473c-4f29-a214-fb63b3cf289e,2021-08-28,5,135807,56,6,17,23,10,13,18,7,2,0,10,2,27042
57713c19-04e3-4a18-9194-ad6dbe2a08c7,2021-08-29,3,135810,55,6,18,23,8,9,16,6,2,0,8,1,27043
b19ae86c-17ca-4a6d-87e2-2c60260edea6,2021-08-30,4,135814,61,8,21,23,9,10,19,6,3,0,9,,27043
503431e3-8060-4468-81fc-39838a1018ad,2021-08-31,9,135823,56,3,17,30,6,10,26,2,4,0,6,,27043
06b75782-7a2f-45d4-8f5f-f65696422f55,2021-09-01,15,135838,63,8,17,29,9,12,24,4,4,0,9,,27043
32aac372-7269-432f-ae4e-88c15c0b7cdd,2021-09-02,10,135848,66,5,23,27,11,14,23,7,4,0,11,2,27045
037aea09-ca5b-4318-b873-b7e1f9273980,2021-09-03,14,135862,64,5,26,22,11,14,18,8,3,0,11,,27045
7ad101c4-5de8-425c-83b1-a2ed307c8042,2021-09-04,7,135869,61,6,21,26,8,16,23,6,2,0,8,,27045
c8bf4028-2b15-4f0e-946b-9187a7d74dcf,2021-09-05,10,135879,69,4,24,34,7,16,28,5,2,0,7,,27045
6245f964-1201-47d0-8d0e-4cc5f6b8b598,2021-09-06,17,135896,92,7,28,45,12,23,38,8,3,2,12,1,27046
c7fdcf4f-3f23-4eb3-b5cb-a299a5edf3f1,2021-09-07,13,135909,97,4,28,49,16,26,41,12,3,2,16,2,27048
d936b3c8-dc58-4d97-9ade-83e98923f024,2021-09-08,15,135924,102,4,26,57,15,24,46,10,4,1,15,1,27049
402c71fa-e81a-4a45-acab-2d5b395e2183,2021-09-09,16,135940,113,8,31,59,15,22,47,11,4,1,15,,27049
119d20ca-eb1a-4441-84b2-d23d6715357c,2021-09-10,13,135953,117,6,39,57,15,24,52,11,4,1,15,,27049
e4748010-7fbb-4f83-abe2-76600b2b3cfd,2021-09-11,12,135965,115,5,31,62,17,27,55,11,6,1,17,,27049
6076bc76-81b1-4c4a-9390-18a2638477dd,2021-09-12,17,135982,127,7,28,72,20,31,64,12,8,1,20,2,27051
37e05cf1-2632-42c4-86f3-0801af884790,2021-09-13,29,136011,157,10,51,74,22,35,67,11,10,1,22,,27051
27326877-88fe-4307-b3c3-7f048435d502,2021-09-14,25,136036,164,11,46,81,26,41,73,14,12,1,26,3,27054
e41e6a81-04f4-4edb-bd11-da0854e9e03d,2021-09-15,17,136053,168,8,56,74,30,38,64,16,12,2,30,3,27057
c445e340-0828-4103-8a37-594639849d1b,2021-09-16,19,136072,166,12,50,72,32,43,62,18,14,2,32,,27057
54888bab-904e-41b9-b8d9-419ba3398b73,2021-09-17,31,136103,182,21,59,68,34,46,57,20,14,1,34,2,27059
14b85916-0305-4f22-9858-2d155c175de5,2021-09-18,9,136112,161,17,41,72,31,43,60,16,16,1,32,3,27062
b8454195-3aef-46f4-a5f0-2d250bb37d22,2021-09-19,14,136126,164,18,43,75,28,40,64,13,14,1,28,2,27064
d064a90c-a000-49ab-9e80-baf5c8bfc634,2021-09-20,23,136149,185,19,59,77,30,42,65,11,16,2,30,4,27068
ae5e6f03-a5ee-4552-a517-a5e46ba3856d,2021-09-21,19,136168,180,23,49,80,28,40,66,11,15,2,28,2,27070
0494d993-3d9a-4594-8c79-10becf16d1b9,2021-09-22,17,136185,182,19,52,84,27,38,64,10,15,2,27,2,27072
d6bbf60a-5611-4420-a797-c7d0f68908fe,2021-09-23,21,136206,183,22,54,79,28,38,64,10,17,1,28,3,27075
028fba35-5195-459e-9609-09adc4a46d85,2021-09-24,27,136233,188,24,41,92,31,42,76,13,17,2,31,,27075
29fa39a8-69b8-41b7-8541-6db174ec3a13,2021-09-25,20,136253,188,21,34,98,35,46,79,16,19,2,35,2,27077
aacf932f-4e01-4fcc-891d-a7fc7b83a5f6,2021-09-26,16,136269,197,23,40,102,32,45,81,13,20,1,32,,27077
012b6751-13f5-4598-a93c-39f977e5d2cc,2021-09-27,34,136303,229,27,45,119,38,49,96,14,23,1,38,,27077
2d6841d1-4a54-4c14-811a-2c744290ab13,2021-09-28,16,136319,226,25,50,109,42,53,96,15,27,1,42,3,27080
fd814147-8ee4-4687-8f3d-a3a39b64ccf7,2021-09-29,36,136355,253,30,57,127,39,51,110,12,26,1,39,5,27085
7eb6eab5-b7a7-4ab9-b133-333eb4fed303,2021-09-30,32,136387,251,40,53,121,37,50,104,12,24,1,37,1,27086
a18cb772-3786-4f44-b38e-4995f1ce744e,2021-10-01,31,136418,244,33,63,118,30,45,99,6,24,1,30,1,27087
bf57941b-c167-47e1-b609-39be0e64a3c7,2021-10-02,27,136445,234,14,65,119,36,44,102,10,24,2,36,1,27088
d3c2f521-5dc6-4b79-b118-1af0b2022e9d,2021-10-03,25,136470,247,15,65,130,37,52,107,10,24,3,37,4,27092
4795c170-0eb9-457a-b005-4b4d189f6b7e,2021-10-04,53,136523,302,36,72,152,42,58,122,15,26,2,42,4,27096
78251549-03c6-402a-9d63-0ab6b24ebc29,2021-10-05,40,136563,302,21,66,162,53,72,136,24,27,2,53,2,27098
f388ffef-9366-4d8d-aa99-a5b17fe0d936,2021-10-06,54,136617,327,29,77,152,69,86,125,40,27,2,69,4,27102
689d9c22-abad-4ce1-8f43-1e8301274069,2021-10-07,39,136656,316,24,78,152,62,75,128,31,27,2,62,3,27105
12558bed-33bc-4f5d-8be8-2e6257e4052d,2021-10-08,51,136707,344,28,91,161,64,78,132,32,28,4,64,4,27109
387a3684-e302-43a0-a1fe-cb463ff1d288,2021-10-09,30,136737,333,25,80,170,58,77,145,27,28,3,58,3,27112
e128c0d4-678a-4712-9347-23072e063bfd,2021-10-10,34,136771,350,23,85,181,61,77,155,29,27,3,61,4,27116
5be8f40d-3ce3-4f22-a568-eed2c0755bc9,2021-10-11,80,136851,425,32,113,202,78,99,167,37,36,3,78,5,27121
848d6640-96a8-4215-9a8a-fefab8a2c762,2021-10-12,62,136913,444,35,107,213,89,113,179,42,42,3,89,6,27127
477ef37d-0887-458e-9fc5-6efe13fa46c6,2021-10-13,63,136976,470,30,122,228,90,114,190,44,42,2,90,6,27133
d3727d12-aa58-47f4-839d-f51a08243b82,2021-10-14,57,137033,496,30,138,231,97,116,192,48,43,2,97,6,27139
49a19d6f-5664-4ea0-ba6b-a613a2bf2d1d,2021-10-15,82,137115,527,44,141,248,94,115,212,43,48,2,94,10,27149
181e15bc-fed0-4dcd-9de0-d62daeb77bfc,2021-10-16,70,137185,515,26,151,249,89,112,202,37,48,2,89,8,27157
382aac20-b9a2-4969-aae9-0c79c42f0623,2021-10-17,52,137237,543,32,153,263,95,116,210,40,50,3,95,11,27168
cca4fc45-6a2c-4edf-8684-958b9947d029,2021-10-18,136,137373,665,48,210,299,108,133,248,46,54,3,108,12,27180
ed28a17c-d8b3-4518-817d-2d5f56eb1ecf,2021-10-19,150,137523,733,63,232,325,113,146,274,55,54,4,113,9,27189
c091f41d-9b78-4d07-838b-745161acc5b6,2021-10-20,117,137640,795,64,252,362,117,138,315,53,59,5,117,7,27196
98afe322-3e42-4cfd-ad49-381071c1ff09,2021-10-21,134,137774,851,67,260,399,125,142,350,55,64,4,125,10,27206
c85b6f46-4413-405b-9ca4-2b567b5492f1,2021-10-22,160,137934,922,67,289,437,129,153,388,60,62,4,129,12,27218
46e10d05-434f-4750-abd3-e07f7bca7fd4,2021-10-23,112,138046,929,70,266,461,132,151,407,64,62,4,133,13,27231
aa6efe57-a377-447d-84be-e97d0e836613,2021-10-24,110,138156,993,74,284,485,150,163,425,75,69,4,151,20,27251
7731324d-5ef0-4960-851c-25a26555b5e5,2021-10-25,218,138374,1175,105,401,498,171,171,436,72,80,5,171,20,27271
0937d397-3f9e-4218-97ab-124f318b376e,2021-10-26,262,138636,1296,134,421,559,182,194,488,85,84,3,184,16,27287
e7018f1a-23c3-4b95-a32e-5e68c10b20e9,2021-10-27,240,138876,1400,117,465,631,187,216,546,90,84,4,188,21,27308
428ce4e2-1b59-4b3b-8903-b666396baee9,2021-10-28,170,139046,1395,99,473,631,192,210,559,97,79,4,193,26,27334
14eb90a1-973a-4c23-93d3-f11a89c45942,2021-10-29,270,139316,1581,146,535,700,200,234,616,103,93,4,201,25,27359
bd7867dd-d38c-4879-9a02-7705f8aa459a,2021-10-30,189,139505,1599,122,517,738,222,238,651,113,99,6,223,23,27382
8bf72d6a-b4a7-4129-8feb-625bee98f06b,2021-10-31,203,139708,1731,133,541,800,257,266,715,129,118,5,258,28,27410
74b571a8-14ef-4687-9784-3cda5d7e3886,2021-11-01,413,140121,2107,185,686,946,290,310,822,145,133,8,290,30,27440
61b85767-da74-41d1-9965-d882a62a7b00,2021-11-02,396,140517,2298,206,724,1063,305,317,917,152,136,10,305,33,27473
a3a22932-ea13-4797-9807-3dc2b7233110,2021-11-03,385,140902,2500,215,816,1144,325,344,983,165,145,10,325,40,27513
7c0d8f01-34f6-4d8a-b4cd-b9dc920dddc4,2021-11-04,385,141287,2665,207,902,1216,340,344,1043,163,162,11,340,45,27558
f1aa96c2-3786-4059-9293-6d626b413382,2021-11-05,359,141646,2806,219,933,1273,381,383,1102,181,178,11,381,52,27610
e8302869-86af-4d3b-b300-3d8636f2cb64,2021-11-06,280,141926,2802,193,912,1306,391,388,1136,193,179,10,392,47,27657
50e5aa42-6bc3-4c40-bda6-be075f2341b5,2021-11-07,279,142205,2955,189,966,1383,417,423,1194,200,196,10,419,36,27693
813b3a07-3a5b-4c94-b8fe-a2ce50faa76b,2021-11-08,537,142742,3416,292,1183,1465,476,470,1249,233,213,12,476,46,27739
41b442f3-949f-4536-9fc2-5f707037ac52,2021-11-09,547,143289,3622,328,1189,1594,511,486,1340,246,229,12,513,62,27801
1e1ad890-6d1b-4f1f-894e-64c7cbd9dfbb,2021-11-10,468,143757,3765,380,1211,1623,551,510,1392,277,239,13,553,72,27873
f3efdd4b-2700-4e8a-8e31-bba9324c6e60,2021-11-11,494,144251,3897,397,1248,1692,560,518,1458,282,251,9,564,70,27943
1f74e264-04fa-4d7b-ac76-e2251a4ce6d6,2021-11-12,532,144783,4060,409,1307,1759,585,526,1526,297,249,10,588,66,28009
be0fda0c-686b-44a5-903b-247a0309eebd,2021-11-13,376,145159,3999,386,1181,1838,594,560,1618,285,269,11,596,70,28079
b3d6deb0-45a3-4d7e-bd95-6fe210cbaf7f,2021-11-14,342,145501,4146,358,1255,1911,622,600,1695,294,289,10,624,61,28140
6b4f66e1-c075-421c-8425-f9c748ade526,2021-11-15,739,146240,4805,498,1590,2040,677,642,1802,330,304,11,679,87,28227
2f997244-823e-472e-90bc-a38ef350b600,2021-11-16,664,146904,4889,491,1657,2052,689,652,1793,338,310,14,691,66,28293
d1b27ae0-d687-4c5e-9813-9da53ee63c3d,2021-11-17,473,147377,4826,464,1487,2160,715,692,1913,353,323,13,717,82,28375
e461fcb7-8af1-4b66-9f52-6104753d9f23,2021-11-18,641,148018,5200,496,1704,2254,746,717,1978,351,350,14,748,116,28491
be64af58-35fc-464f-8370-ce428d58831b,2021-11-19,695,148713,5319,506,1761,2283,769,745,2017,363,364,15,770,109,28600
9edbdfde-3e50-4650-820a-440711516298,2021-11-20,492,149205,5208,481,1576,2388,763,753,2114,364,356,14,764,92,28692
0670c884-8b88-414c-8324-c5393ac08298,2021-11-21,494,149699,5421,474,1666,2502,779,782,2231,365,367,16,780,108,28800
0e8c9313-1f62-4b18-904a-76362903fa58,2021-11-22,856,150555,6031,591,1978,2641,821,817,2305,385,377,17,822,106,28906
cc94ac99-b7b8-4b3a-b5a1-6bb613ce7df7,2021-11-23,752,151307,6136,591,2017,2673,855,859,2349,405,402,16,856,107,29013
669a75f9-a948-496f-a5d4-58f6266adb15,2021-11-24,721,152028,6238,593,2025,2732,888,870,2399,439,396,16,889,91,29104
40a03ea2-0da5-4c11-9138-9e74f3723e2e,2021-11-25,716,152744,6343,570,2065,2780,928,895,2448,470,404,17,929,107,29211
79bbe6f4-0bfc-45d4-89ae-9b78359990b8,2021-11-26,765,153509,6437,580,2182,2728,947,912,2375,470,432,16,948,114,29325
e00df3b8-fa8b-4b85-ba8c-0a6895cde513,2021-11-27,529,154038,6217,541,1909,2795,972,928,2487,467,458,17,973,92,29417
c1a05f69-59c8-4d71-a8c5-7db4114e631b,2021-11-28,492,154530,6418,523,1968,2917,1010,940,2616,488,474,17,1010,115,29532
c09d10a3-4700-4026-9bd5-9d9f9168d1ca,2021-11-29,828,155358,7105,696,2338,2970,1101,985,2614,538,498,18,1101,105,29637
1e4dcf09-e1e1-4448-98d2-0f75413a25f6,2021-11-30,739,156097,7028,643,2256,3012,1117,989,2662,524,515,17,1118,118,29755
1872308f-c976-4983-944f-cd0afae98bac,2021-12-01,702,156799,6981,644,2191,3038,1108,982,2693,522,517,16,1109,134,29889
689c6e44-09a3-412c-a344-5c29d90526c1,2021-12-02,730,157529,7073,688,2164,3131,1090,974,2796,508,504,15,1091,122,30011
782b9c81-f48f-40b4-9717-3a42f916b31d,2021-12-03,654,158183,7036,651,2232,3077,1076,968,2722,505,509,21,1077,115,30126
65737a3a-bc7d-4a32-9f3f-7e105f4d620b,2021-12-04,440,158623,6561,604,1900,3020,1037,938,2712,477,505,22,1038,104,30230
2826ed70-e491-497c-8b3e-72fe3fe9ff5d,2021-12-05,462,159085,6668,613,1899,3109,1047,965,2794,486,507,24,1048,101,30331
cdbcdbdf-2a10-4566-a0b0-3f49d8bf0136,2021-12-06,747,159832,7138,734,2256,3084,1064,987,2750,503,500,27,1065,118,30449
599cc922-d55e-4d16-80b4-edc046544bb9,2021-12-07,644,160476,6914,671,2196,2993,1054,994,2661,480,514,24,1055,103,30552
21064c12-982f-429c-b4c1-4521f4d02210,2021-12-08,625,161101,6762,607,2136,2934,1085,994,2592,513,513,25,1087,108,30660
857f211b-18b6-4499-ba0e-880e4e196fb6,2021-12-09,566,161667,6593,610,2012,2882,1089,1004,2546,513,522,23,1091,110,30770
0f809225-b3a2-4937-adc2-af71ab865d85,2021-12-10,645,162312,6402,610,1898,2836,1058,975,2468,495,512,23,1060,113,30883
846d290d-3d20-4ca4-9b1f-34747d7350b3,2021-12-11,380,162692,5872,484,1625,2741,1022,954,2433,486,491,26,1024,95,30978
8043c007-472d-4ed2-b6ab-9818a0f56cb4,2021-12-12,339,163031,5897,459,1671,2750,1017,970,2447,472,510,31,1019,113,31091
58ff28c0-db2c-4be4-a951-46dff8beb8fd,2021-12-13,644,163675,6383,597,2003,2755,1028,989,2417,479,512,30,1029,110,31201
b3ff9ed2-1056-48fd-bdda-17f92f34ff53,2021-12-14,520,164195,6098,535,1901,2676,986,963,2340,447,498,29,987,104,31305
62af4bf0-d811-4319-9a8f-bf8d494232a5,2021-12-15,483,164678,5850,490,1825,2579,956,929,2244,440,488,27,956,122,31427
ba5851be-9649-4cfc-bb1e-842133fb4c2d,2021-12-16,473,165151,5648,468,1781,2491,908,878,2173,423,458,25,908,96,31523
6561d98b-91e7-4f80-9ad6-cbc06a26c377,2021-12-17,472,165623,5338,485,1684,2276,893,859,1977,417,452,23,893,80,31603
c7dab575-016c-4d90-b263-f88391ee91b5,2021-12-18,240,165863,4818,363,1385,2187,883,802,1954,407,436,23,883,102,31705
0e7a00ff-da6e-4993-a902-04d48a37d047,2021-12-19,270,166133,4799,356,1405,2190,848,808,1935,392,430,22,848,67,31772
073ea599-1593-4da9-9843-bc22c5ba7d23,2021-12-20,437,166570,5159,533,1594,2157,875,866,1883,410,427,24,875,76,31848
ac38f029-223e-4bfb-aa95-55128e7eabf4,2021-12-21,411,166981,4909,526,1474,2065,844,855,1817,383,430,22,845,80,31928
216cc88f-c513-433b-aa00-025c534c4526,2021-12-22,348,167329,4564,466,1371,1919,808,810,1694,364,410,17,809,83,32011
37f9b970-b8ea-4152-87fc-c56d088640d6,2021-12-23,292,167621,4114,440,1220,1690,764,765,1461,353,399,15,766,56,32067
360e7628-e9d6-4bef-8b96-4121975157ca,2021-12-24,182,167803,3501,336,884,1546,735,697,1381,351,368,14,738,72,32139
250013cd-6b9f-4606-b888-c6f5f06050da,2021-12-25,190,167993,3332,265,844,1499,724,683,1324,344,368,14,728,65,32204
13554ab8-e0f4-48b0-a7bf-09cfa959584a,2021-12-26,226,168219,3388,271,887,1508,722,699,1332,337,366,13,725,76,32280
9e45d0d4-b9c9-4274-a497-7a027d369da1,2021-12-27,381,168600,3749,386,1071,1583,709,727,1396,324,360,12,713,50,32330
5ca0355b-e7c6-4a15-99a2-dd91320b89e6,2021-12-28,327,168927,3655,388,1020,1554,693,707,1365,318,343,13,696,65,32395
045753cb-77c0-4e78-b8df-87213132b466,2021-12-29,324,169251,3473,349,966,1487,671,690,1317,302,340,11,674,70,32465
da43f027-ffb9-48d3-baa4-22efc52092c6,2021-12-30,259,169510,3278,292,927,1448,611,644,1275,279,316,10,615,56,32521
86e2a35f-52ee-4ba2-b3ec-4bc404ec7dc1,2021-12-31,234,169744,3117,241,895,1385,596,617,1212,275,304,14,599,52,32573
85804247-c4d1-4445-b1d3-e52f536e56e6,2022-01-01,168,169912,2872,214,736,1339,583,596,1181,267,297,17,586,43,32616
54a8a210-6027-43fe-a7a8-538e59ec371b,2022-01-02,166,170078,2892,219,748,1353,572,586,1195,255,299,16,575,47,32663
48d8e4fc-5a32-44c1-b3f4-511d8de814f8,2022-01-03,279,170357,3090,276,862,1389,563,575,1208,246,300,17,566,56,32719
3de13e83-ada8-43bf-a61f-ea4685c3890f,2022-01-04,276,170633,2996,257,842,1369,528,561,1183,224,287,16,532,53,32772
675f46f3-e98a-46f0-a13f-4f09063f98df,2022-01-05,245,170878,2852,226,793,1329,504,533,1154,225,258,17,507,38,32810
037b2859-e1bd-401f-bf38-308719227160,2022-01-06,204,171082,2728,204,750,1271,503,536,1099,228,256,16,506,56,32866
4ebfdad3-9706-47c8-ba75-336634fd74eb,2022-01-07,190,171272,2608,203,713,1222,470,504,1037,215,235,14,472,43,32909
96a97a33-8839-402c-ac37-f41c7e3fbbcd,2022-01-08,154,171426,2375,168,622,1135,450,487,976,210,224,14,452,42,32951
a5953392-a675-44a9-893f-3b43906e50f2,2022-01-09,113,171539,2351,183,612,1127,429,473,973,196,221,11,431,22,32973
5d89cef8-7f13-4db1-9626-7816bb66efb6,2022-01-10,178,171717,2477,251,707,1081,438,491,914,197,235,12,442,40,33013
3a111eeb-cc86-42b5-b72b-62d002f94914,2022-01-11,179,171896,2312,225,630,1036,421,459,860,190,217,11,426,37,33050
aaf67e5d-c312-471c-9a92-e674403295a0,2022-01-12,139,172035,2127,197,573,968,389,415,817,176,199,9,390,39,33089
338b5e74-6098-427e-9521-bf798b30119f,2022-01-13,150,172185,2002,182,553,894,373,386,756,166,188,10,374,30,33119
f0d0fe78-aacb-477b-a224-e12234b7b6ea,2022-01-14,132,172317,1850,165,532,809,344,357,670,151,179,10,345,31,33150
a699d6cd-1c8d-4616-8d65-29148aa6c39f,2022-01-15,90,172407,1662,138,425,782,317,338,640,140,167,11,318,23,33173
f24bbb23-0da0-4236-aade-bedcdb7dfe91,2022-01-16,92,172499,1668,137,451,774,306,333,639,131,165,9,306,25,33198
657270cb-c597-4115-b7f3-f91c0e58a65d,2022-01-17,202,172701,1827,197,553,782,295,335,638,120,167,9,295,27,33225
fcf5a305-84c2-4d94-b9e3-1ef0ba1d0e9d,2022-01-18,196,172897,1738,205,531,735,267,307,596,108,149,10,267,22,33247
a8a6bc5e-1ea7-4cac-ba20-9ab38aa91ae4,2022-01-19,207,173104,1685,201,513,720,251,295,587,101,139,8,251,26,33273
b53fd206-8d5f-4a7b-b104-dfdd983e83df,2022-01-20,231,173335,1661,195,531,709,226,272,571,99,121,5,226,19,33292
da7954bc-4f27-479c-aa36-3a63f5cfa2f9,2022-01-21,241,173576,1638,202,548,682,206,261,549,83,116,5,206,19,33311
a87c2513-0237-4fb2-afc0-2ce3e3e93e81,2022-01-22,167,173743,1539,165,494,679,201,275,557,78,114,3,203,20,33331
da2a0751-6049-4a37-afa0-56a8ca79b1c7,2022-01-23,200,173943,1616,167,529,726,194,270,592,79,103,3,196,17,33348
7699790b-aba0-46f4-9b89-bc74407c0386,2022-01-24,348,174291,1914,245,688,772,209,269,613,87,103,2,209,21,33369
05dc8e2c-787a-444e-aa1a-1bd10c653953,2022-01-25,335,174626,1946,249,715,773,209,272,602,83,105,3,209,12,33381
dfd680eb-f185-4861-ab68-dff2aca669a8,2022-01-26,360,174986,2037,272,779,786,199,259,617,79,102,3,199,19,33400
c0293f36-6758-40f1-9625-34e030701138,2022-01-27,395,175381,2204,322,841,845,196,272,654,77,100,2,196,26,33426
e1fdefee-fa87-40d0-83f6-485ba06de2d1,2022-01-28,407,175788,2387,377,955,865,190,278,664,71,95,2,191,20,33446
dfe4cd85-9f59-4e9f-a950-84db8ec89b9f,2022-01-29,265,176053,2212,321,833,867,191,276,693,75,97,2,193,26,33472
1feccd9b-eb5a-447a-9bd8-a37515fcadf7,2022-01-30,301,176354,2380,334,895,952,199,299,763,80,96,2,200,27,33499
8a0f5b4f-50bc-4000-84a0-6583d3c6786b,2022-01-31,564,176918,2865,476,1142,1035,212,314,801,90,99,2,213,32,33531
13dcb16b-3470-4df4-99d8-9b1a3db49335,2022-02-01,617,177535,3065,487,1309,1050,219,324,826,87,102,1,221,41,33572
1092a7e5-9fea-488b-918e-4b7bd98d47ec,2022-02-02,574,178109,3222,508,1365,1129,220,333,855,99,100,1,222,38,33610
93cdc5bf-0a4a-4117-aab5-ebe6187c7773,2022-02-03,514,178623,3304,496,1431,1166,211,305,890,96,94,1,213,40,33650
79dfe606-5e10-4ca6-bc3b-2d65faedcc70,2022-02-04,535,179158,3412,526,1439,1227,220,307,926,104,90,1,222,49,33699
b48ce7db-a14e-4439-9655-d13b180f0e40,2022-02-05,351,179509,3221,463,1274,1269,215,329,972,101,93,3,217,47,33746
559c970f-2d94-424a-8b55-892b7c8a6512,2022-02-06,321,179830,3305,484,1306,1297,218,346,1010,106,96,3,220,42,33788
3a90c5bf-cb76-498d-84fd-26d73ce4dc10,2022-02-07,761,180591,3914,675,1587,1417,235,356,1063,109,104,4,236,57,33845
793b2e81-facc-4b75-93d1-241bb05f5d3d,2022-02-08,637,181228,3970,707,1591,1430,242,359,1075,120,102,5,243,49,33894
a5e5e664-d013-4867-bd21-897a3b83c81c,2022-02-09,658,181886,4030,679,1600,1500,251,383,1115,121,105,5,253,44,33938
c20d8a31-ffb7-4f0d-965a-fff06d2cea43,2022-02-10,586,182472,4094,691,1615,1521,267,380,1122,118,112,4,268,53,33991
1b178475-2c11-4f69-acc7-8c8d47cd2567,2022-02-11,562,183034,4165,691,1707,1494,273,392,1104,126,115,4,274,58,34049
fac9866a-b7f3-4b7f-a962-56792a2580a7,2022-02-12,316,183350,3839,585,1509,1485,260,375,1131,115,115,3,261,58,34107
89bbde7a-bbb4-4e7f-9ef8-3532d3f495a5,2022-02-13,320,183670,3868,608,1530,1467,263,377,1108,125,112,3,263,55,34162
bd2cdf29-cbe1-4513-af63-31bb1cb4c6ea,2022-02-14,683,184353,4327,781,1745,1525,276,399,1146,123,128,3,279,48,34210
b9de073b-42e1-4b52-8032-7571023f2c1e,2022-02-15,567,184920,4193,720,1693,1492,288,416,1114,120,140,3,291,46,34256
a33ba419-9de3-49ea-82ee-1cf39c2d3c60,2022-02-16,551,185471,4098,693,1648,1475,282,398,1102,113,140,2,286,48,34304
409095e0-c7f8-4c4f-8cf6-b36f5e134865,2022-02-17,489,185960,4024,740,1582,1435,267,380,1065,106,132,2,270,54,34358
a4d665bf-3595-4405-a26b-93b2a68f72d1,2022-02-18,447,186407,3796,672,1508,1365,251,361,996,100,125,3,254,53,34411
00b5934e-08ca-44ae-888f-a31ff3317aed,2022-02-19,262,186669,3488,597,1315,1340,236,352,1004,93,119,3,240,49,34460
c17d44db-4ca5-46d3-b644-6eff891cba40,2022-02-20,284,186953,3533,611,1349,1339,234,365,1000,86,125,3,238,48,34508
02e3d79d-f22c-466f-b82e-fa8f6b499e32,2022-02-21,562,187515,3914,780,1512,1380,242,382,996,97,124,3,247,55,34563
d5c593f4-3d76-4d54-ae98-45a1f5e880dc,2022-02-22,455,187970,3675,669,1421,1339,246,366,970,99,119,2,250,53,34616
c1020f96-8113-4304-855b-08580ff0d007,2022-02-23,447,188417,3489,550,1370,1312,257,375,944,104,126,2,260,36,34652
05a6c576-4bec-40ce-ae9c-25ff19d3d8b3,2022-02-24,394,188811,3435,558,1329,1297,251,371,935,98,123,2,255,55,34707
10c18eb2-a582-4da3-b29c-993653a1d534,2022-02-25,346,189157,3264,547,1260,1213,244,331,871,105,107,3,247,43,34750
1df1084c-56b3-4440-b993-237a621177c5,2022-02-26,221,189378,2911,416,1073,1188,234,319,891,99,102,2,236,42,34792
0b19fe94-e9fd-420d-88fd-0e6ba65ab101,2022-02-27,222,189600,2940,403,1077,1219,241,329,915,96,114,1,243,43,34835
0c0f4c9b-f7bb-4610-a5cc-61b9955fcdb5,2022-02-28,431,190031,3265,543,1195,1286,241,322,936,92,107,1,243,51,34886
a6b62d90-32f3-4ed1-b65a-e906b02854c9,2022-03-01,338,190369,3028,528,1126,1156,217,310,831,85,101,3,219,34,34920
33896f14-3b84-4a55-8063-002f342c54de,2022-03-02,284,190653,2783,446,1054,1077,205,286,768,80,95,2,207,44,34964
d7d00558-7d3f-4b09-b2ad-316e2b78f1dd,2022-03-03,309,190962,2646,414,1001,1032,198,259,731,81,89,3,199,39,35003
ef6549ee-92c8-4cab-9379-312642fef8b9,2022-03-04,311,191273,2529,379,949,1014,186,242,709,76,86,3,186,29,35032
5d85921d-9bad-4bb4-8391-9e596f007cbc,2022-03-05,196,191469,2212,299,790,940,182,239,675,67,87,1,182,30,35062
f359fb4e-a347-49f7-a5d9-84ea18b1e5c0,2022-03-06,203,191672,2263,317,808,962,176,239,697,69,85,1,177,35,35097
2150875e-19f9-424a-ad62-5ccbdb60c82b,2022-03-07,357,192029,2573,438,971,987,177,237,706,64,88,2,178,34,35131
4be487bf-9c86-444a-af76-8c45eb2d4629,2022-03-08,323,192352,2488,409,985,932,162,221,699,60,76,2,163,40,35171
3e30478e-e658-4ef2-80c7-2f4062807974,2022-03-09,344,192696,2418,387,972,910,149,205,672,52,75,4,150,28,35199
a1f0b4fc-a771-47f3-b455-78509ca8e33c,2022-03-10,296,192992,2349,361,965,888,135,197,643,49,67,3,136,24,35223
de03ac79-11de-46f5-b87c-f1032912c999,2022-03-11,305,193297,2343,369,981,865,128,189,626,48,63,4,130,17,35240
1976f4c2-931f-4afe-bba4-97ab8284ae21,2022-03-12,203,193500,2156,315,868,855,118,180,619,49,57,3,120,25,35265
89c0ded0-93b6-4b18-987d-6448210c50a4,2022-03-13,195,193695,2194,308,903,854,129,197,627,50,64,3,131,26,35291
2a8331c6-560a-41d0-9a1c-6867d0acbe4f,2022-03-14,390,194085,2509,439,1042,895,133,200,651,54,62,3,135,36,35327
88d82b7b-5adc-453c-b400-d791040ed005,2022-03-15,353,194438,2446,433,997,876,140,196,621,54,66,2,143,23,35350
f4d76212-f64a-4dab-b29c-1b541b41612b,2022-03-16,348,194786,2388,371,1012,862,143,194,629,54,67,2,146,27,35377
2568f927-cc34-40e7-9bd9-e0ab954b9cea,2022-03-17,269,195055,2326,346,997,834,148,200,617,59,71,2,150,29,35406
2af16f0a-ca71-47d7-bc7c-196e502189a8,2022-03-18,303,195358,2297,352,982,827,135,189,593,52,64,2,136,18,35424
caa2dcae-5d4b-4657-b37a-41387998e640,2022-03-19,176,195534,2061,288,839,811,123,178,576,49,62,2,123,19,35443
f7b2178c-752d-4456-9296-232ed8556186,2022-03-20,183,195717,2100,283,881,804,132,191,578,57,63,2,132,19,35462
3400beef-c23b-4274-955c-0890ff2aaf9a,2022-03-21,341,196058,2370,385,1004,843,138,215,617,58,69,2,140,37,35499
0b49c1d8-f63f-4c63-8f70-552e5e5027f2,2022-03-22,305,196363,2301,367,972,831,131,203,619,52,68,1,133,17,35516
0e881e98-33c6-4b0d-91f5-d0f7bd79e06d,2022-03-23,242,196605,2202,384,912,788,118,198,580,44,65,1,120,26,35542
38b18259-751e-4725-b700-3cdb6f40d99a,2022-03-24,240,196845,2101,367,853,757,124,204,550,45,63,2,125,27,35569
4d87397e-5b39-446e-8a28-71f1ab9851a9,2022-03-25,298,197143,2091,353,906,712,120,197,520,45,62,2,120,24,35593
8cc9184b-0b37-4846-8cef-94806f9414ab,2022-03-26,140,197283,1819,284,731,689,115,193,513,42,58,1,116,27,35620
a737aa2e-fd59-43fb-9fe6-02ce91807439,2022-03-27,157,197440,1837,291,728,714,104,184,526,38,57,1,106,17,35637
a42613af-f500-4e56-827a-dbdaec5a7acb,2022-03-28,351,197791,2147,391,878,764,114,197,552,41,58,1,115,28,35665
0553fa29-e94e-4c9b-b70b-5201e5f35fe6,2022-03-29,270,198061,2049,359,819,763,108,194,552,35,58,1,109,25,35690
75787e85-7bb3-45eb-92c8-04fce3f3133f,2022-03-30,257,198318,1938,328,772,740,98,182,546,34,47,0,99,23,35713
53866b19-7bf5-4f31-b6dd-d00ab7e86af3,2022-03-31,232,198550,1865,315,740,706,104,173,504,45,42,0,105,16,35729
9cb62eb5-194b-4a15-9f2f-ac49876f72cb,2022-04-01,214,198764,1803,314,711,674,104,169,493,36,54,0,106,11,35740
293f4295-8c64-46b6-a0cc-2e2c77d5bda9,2022-04-02,157,198921,1644,245,644,647,108,161,491,41,55,0,111,21,35761
acaa1a88-92d2-4a32-af19-08dab8b9c05e,2022-04-03,115,199036,1623,242,635,641,105,164,491,41,54,0,106,15,35776
60c8e41a-2ec0-4e13-a3e8-dc3285d64c55,2022-04-04,273,199309,1865,324,755,678,108,164,495,40,55,0,109,21,35797
99d46917-e3c5-4c19-9563-f38872014e9e,2022-04-05,235,199544,1833,340,726,647,120,167,475,39,61,0,120,28,35825
229d8b0e-c8fc-484d-aa8d-4c5cff3d32db,2022-04-06,227,199771,1738,296,712,628,102,165,456,39,52,0,103,26,35851
9ac76c6e-0d58-4945-8136-c78f5971d38f,2022-04-07,161,199932,1630,265,657,605,103,155,437,39,48,1,103,27,35878
da86d3ae-fe91-4ce7-a6f1-a52f977e493c,2022-04-08,171,200103,1554,270,628,559,97,145,415,40,47,1,97,17,35895
c4023832-14c1-4857-b0c1-b6d13510a1be,2022-04-09,116,200219,1346,187,533,544,82,125,419,30,42,1,83,17,35912
7ceda342-620f-4c8e-bd0c-ec0e88bf2275,2022-04-10,112,200331,1361,185,555,546,75,124,418,27,42,1,76,12,35924
7cd47b94-d696-4afc-92b7-23cbef55b43c,2022-04-11,203,200534,1513,251,628,550,84,133,389,30,38,1,85,17,35941
de20eb83-2fe5-4a21-839b-ea88845ad9a1,2022-04-12,193,200727,1458,265,605,510,78,128,360,27,40,1,78,8,35949
aaceddab-c5a6-4115-b315-6be4c7ed7a74,2022-04-13,190,200917,1368,229,583,474,82,133,327,29,36,1,82,10,35959
72ef0179-b472-4e14-bc74-c69cdb18569b,2022-04-14,162,201079,1280,210,550,437,83,126,299,28,38,1,83,12,35971
f74c07be-a441-454b-9e43-b4fef4ef425c,2022-04-15,68,201147,1023,122,475,357,69,107,240,30,25,1,69,9,35980
da1d1755-d21c-4b1c-87e9-ab88e4e385d3,2022-04-16,67,201214,998,135,450,350,63,105,235,28,24,1,63,12,35992
2346f3f6-982c-4314-aa02-d71507d69af4,2022-04-17,79,201293,987,137,428,360,62,107,244,30,23,1,62,8,36000
3aa1a086-e5ab-42dc-8820-94f0aafb9271,2022-04-18,99,201392,1011,135,445,370,61,106,263,29,23,1,61,15,36015
0f1084c7-f908-44cb-9b37-6e924e27787c,2022-04-19,193,201585,1211,204,501,439,67,104,306,24,26,1,68,14,36029
d3935964-942b-406f-a687-e4cf30272295,2022-04-20,136,201721,1137,185,477,414,61,99,294,20,29,1,61,17,36046
d1cd1e1b-ff34-4620-9a99-73284a3f5bb1,2022-04-21,136,201857,1083,181,457,389,56,98,286,20,29,1,56,13,36059
13160160-111c-4775-8960-bcafd1f89267,2022-04-22,110,201967,987,154,423,357,53,86,257,17,27,1,53,11,36070
f0f3f54c-4587-48d3-971e-4b0f1203be8d,2022-04-23,53,202020,853,115,370,323,45,78,228,15,26,1,45,9,36079
91dd69f0-ae4c-4afc-bdb1-d887785c726f,2022-04-24,52,202072,851,129,355,322,45,78,230,19,23,1,45,6,36085
d0f923f4-af61-44b3-bc02-4a401b8a5c37,2022-04-25,136,202208,962,166,401,346,49,77,247,22,23,0,49,12,36097
94fdc540-f526-4b8c-9326-7ae9bc39b84a,2022-04-26,126,202334,981,170,410,355,46,74,251,20,21,0,46,9,36106
2f25d415-c8a9-4bed-85ab-5acaf9a08a4f,2022-04-27,84,202418,920,152,390,344,34,61,227,12,19,0,34,14,36120
27983850-6723-4e2f-a886-f7789ec9faaa,2022-04-28,96,202514,878,160,374,311,33,54,203,8,20,0,33,12,36132
792d2646-9094-4716-9c4a-38d542e01304,2022-04-29,93,202607,795,151,334,281,29,52,171,6,18,0,30,11,36143
f5292539-f1d0-4430-9e24-916a70c5ec96,2022-04-30,51,202658,671,108,281,250,32,56,153,5,20,0,33,9,36152
6915ca65-57c0-482f-842b-5463cd46d2d0,2022-05-01,43,202701,645,107,260,250,28,55,155,7,18,0,29,6,36158
8d8e3a14-e319-4723-98ab-e1b498c5a2f1,2022-05-02,86,202787,710,136,286,258,30,53,158,6,19,0,30,5,36163
8d057f46-fc36-4558-bdd6-54675949ba86,2022-05-03,75,202862,677,111,278,257,31,56,154,7,20,0,31,6,36169
36c73112-441a-4f7e-806a-ada3b8286880,2022-05-04,63,202925,602,114,231,229,28,48,147,7,15,0,28,7,36176
5fe25493-35af-41a1-91df-ea513f425293,2022-05-05,62,202987,537,81,213,218,25,43,149,8,14,0,25,12,36188
924bc575-5f1b-4a94-ac3a-f563feda0351,2022-05-06,44,203031,487,63,213,184,27,39,129,8,13,0,27,8,36196
5d836452-352f-414b-a0aa-c2ccd6ff7486,2022-05-07,24,203055,407,49,174,165,19,39,126,7,9,0,19,5,36201
c7f20483-158f-4ae4-b67d-e32ad6058563,2022-05-08,36,203091,408,54,177,160,17,39,125,6,9,0,17,4,36205
942c624e-7252-4389-a32c-3c321e95eb80,2022-05-09,47,203138,441,82,193,148,18,41,116,8,8,0,18,3,36208
0936b0a9-64d2-48f0-8a3e-75a2de359b8d,2022-05-10,32,203170,391,69,172,134,16,39,105,9,4,0,16,3,36211
4da3363d-6f41-4df3-9545-3de567efa5b1,2022-05-11,35,203205,349,62,147,123,17,35,98,11,4,0,17,5,36216
cb4b9ddc-44d4-404f-b1ba-af5c4e0109c9,2022-05-12,24,203229,314,46,142,111,15,33,87,10,4,0,15,2,36218
1597a5d9-7492-4127-8955-8502e276294b,2022-05-13,17,203246,282,50,122,96,14,26,71,10,3,0,14,2,36220
c6c4d541-2e18-494d-b2bb-5865f29a61e6,2022-05-14,24,203270,226,25,107,81,13,24,61,7,5,0,13,,36220
35faddd3-6fa8-4d21-b755-20114b1c3493,2022-05-15,18,203288,226,21,108,87,10,24,63,5,4,0,10,1,36221
25d1649d-e098-41fc-bb3c-5b587c3cd889,2022-05-16,32,203320,244,32,115,87,10,23,65,5,4,0,10,,36221
9d69ce58-d08b-464d-b2f7-c95caae38f33,2022-05-17,32,203352,228,30,110,79,9,20,59,3,4,0,9,2,36223
ae28432c-4872-437a-98d3-efeb09085d87,2022-05-18,27,203379,217,23,109,76,9,16,50,4,4,0,9,3,36226
4f475af7-e257-4f86-a9be-d57ff4533c16,2022-05-19,30,203409,212,31,104,70,7,15,52,2,4,0,7,,36226
f80a5291-c4e7-44bb-a491-fdb16048bca3,2022-05-20,33,203442,209,38,92,68,11,17,50,1,6,0,11,5,36231
eb359b92-586b-4050-b1ed-8ef8b3c377c6,2022-05-21,9,203451,177,24,72,70,11,17,46,2,6,0,11,1,36232
9a9d3e83-4e68-4c98-867a-6b4a923359e9,2022-05-22,12,203463,174,24,71,70,9,19,47,2,5,0,9,,36232
b185fe76-b069-4ea8-8ac4-6821c2d41359,2022-05-23,25,203488,191,32,71,75,13,24,51,7,3,0,13,4,36236
354b2a39-7eb4-4527-9f6f-a1e05b14f941,2022-05-24,14,203502,168,23,70,62,13,26,37,8,3,0,13,2,36238
8e8a82f6-cb82-4056-bb0b-00475e44895d,2022-05-25,20,203522,147,19,54,63,11,22,41,5,5,0,11,1,36239
bb48c86e-568f-4bea-a550-b1f5295735d9,2022-05-26,21,203543,148,25,51,63,9,16,44,5,2,0,9,,36239
09af16b8-c141-43ae-8634-b48985fb7f16,2022-05-27,12,203555,138,17,59,51,11,18,38,7,3,0,11,1,36240
8c86d27c-2ca0-4ad3-adce-3cf23ef895fc,2022-05-28,10,203565,115,11,41,51,12,18,37,7,4,0,12,1,36241
cacfecd2-bdbf-41c5-861d-12c37d90483c,2022-05-29,4,203569,112,10,40,51,11,18,37,6,4,0,11,,36241
7360f812-7eed-4794-af14-ca35fbfe7ad4,2022-05-30,23,203592,128,13,53,51,11,22,37,6,4,0,11,2,36243
43053e4f-fa82-4f7d-95bd-b75f5355d2d4,2022-05-31,15,203607,130,15,50,53,12,23,41,7,4,0,12,1,36244
55407c56-1cf7-40bd-b1f1-7d57c300f044,2022-06-01,10,203617,131,16,53,51,11,23,39,6,4,0,11,,36244
4f50a675-24ae-476d-8187-1737cdbd6a2f,2022-06-02,6,203623,108,11,45,42,10,19,35,6,4,0,10,1,36245
d5f5d229-17db-4225-b0f9-677d300b6dce,2022-06-03,27,203650,116,10,54,43,9,18,35,7,2,0,9,1,36246
3b74d522-81e6-44cc-a18d-04685333d160,2022-06-04,4,203654,98,5,47,37,9,15,29,6,3,0,9,,36246
e204ee79-8ff0-4be6-a67e-8b28d0930c53,2022-06-05,9,203663,99,2,54,33,10,15,28,7,3,0,10,,36246
f74a95c1-4600-41d7-a411-868682532a9c,2022-06-06,21,203684,115,2,65,38,10,15,31,6,3,0,10,1,36247
13bb0102-241d-47d9-b01b-c33864088888,2022-06-07,16,203700,110,8,60,34,8,15,25,5,2,0,8,,36247
9c97ded4-6fc0-4992-ac0c-a0df4f164935,2022-06-08,11,203711,106,7,57,33,9,12,22,5,2,0,9,3,36250
a108d39d-dc77-494a-a524-18462d8c2376,2022-06-09,21,203732,109,8,58,36,7,11,25,4,2,0,7,,36250
100dc754-531e-43d7-b0e6-f4da2275f4db,2022-06-10,15,203747,110,16,58,32,4,8,24,3,1,0,4,1,36251
d51bf63a-ece0-47e2-9212-d7f79de368b0,2022-06-11,6,203753,97,16,48,27,6,10,21,4,1,0,6,2,36253
4348f3af-c198-4de4-8688-f74db88b08a1,2022-06-12,8,203761,96,16,48,28,4,9,23,2,1,0,4,,36253
7bcd61ac-b3c0-4f59-8373-e2c2a17546f4,2022-06-13,16,203777,106,17,57,28,4,10,21,2,1,0,4,,36253
fa8f39a8-d9e7-4e51-86a3-f17a07aae72e,2022-06-14,18,203795,111,23,54,30,4,9,23,3,1,0,5,,36253
5eec7773-a4f5-4029-8f25-feff9a754f63,2022-06-15,8,203803,105,22,43,36,4,8,27,2,2,0,5,,36253
331d37ff-a629-4a63-a7cd-3ea9ae3e80ad,2022-06-16,20,203823,114,19,62,29,4,10,20,2,3,0,5,3,36256
15651a4e-a54b-4947-98f4-a74fc1644dd4,2022-06-17,21,203844,111,20,58,31,2,7,20,0,2,0,2,1,36257
6d7d6b64-df25-427b-a7bb-cc30052f48b6,2022-06-18,3,203847,87,15,41,30,1,5,22,0,1,0,1,,36257
7bdedf4b-d0dc-4abf-98e7-9581011712df,2022-06-19,18,203865,101,15,48,36,2,5,26,1,1,0,2,1,36258
33cbfcbf-04f6-496f-9898-7c6b32977e11,2022-06-20,19,203884,118,20,53,44,1,3,34,1,0,0,1,,36258
143531b2-a014-4a9a-81b0-37de946b9865,2022-06-21,23,203907,121,20,50,48,3,6,37,3,0,0,3,1,36259
07799225-6878-48bd-b35d-dc8e08ebe317,2022-06-22,20,203927,125,19,53,49,4,7,38,4,0,0,4,,36259
53633e5e-8b3e-4ef4-a93b-f66fdc3321d0,2022-06-23,25,203952,139,21,69,44,5,7,30,4,1,0,5,1,36260
e198c179-0a50-4919-a4b5-34a73707b966,2022-06-24,19,203971,136,19,69,43,5,8,30,3,2,0,5,,36260
c910d11f-51f2-4a01-ab30-15d1b0b56173,2022-06-25,9,203980,113,12,47,49,5,7,35,3,2,0,5,,36260
3779f0fb-c0c7-4e28-b6c2-3df13174dd5f,2022-06-26,27,204007,132,14,59,53,6,7,40,6,0,0,6,,36260
33a4025a-b712-4ed8-9e7f-aaf7adb3df69,2022-06-27,49,204056,176,14,92,64,6,10,49,6,0,0,6,1,36261
61c935b9-077b-4482-bf1e-53fc840de066,2022-06-28,46,204102,192,10,109,66,7,7,51,7,0,0,7,2,36263
7b7f227e-51b4-4720-9b82-2d9e2b7a0921,2022-06-29,43,204145,213,14,122,69,8,11,56,5,2,0,8,,36263
45ca7532-ca26-4448-9750-785cb4bada7c,2022-06-30,42,204187,214,11,130,64,9,10,55,4,3,0,9,3,36266
b0a99578-e177-4b56-8fa2-27f1a57ac8fc,2022-07-01,42,204229,236,19,144,64,9,11,54,6,3,0,9,1,36267
b06a91cf-d67a-4d02-b42b-366bef91cc21,2022-07-02,25,204254,215,16,117,72,10,12,61,7,3,0,10,1,36268
6de4e551-91f6-42a8-ac58-bb9de9432d24,2022-07-03,22,204276,227,22,121,71,13,16,61,6,5,0,13,2,36270
c255648a-b3ca-42b9-8b08-1e48cce780d3,2022-07-04,58,204334,274,30,138,91,15,18,75,8,5,0,15,1,36271
e0fa5eb9-096f-4f73-ba8b-39ac340a8b6b,2022-07-05,30,204364,248,23,126,86,13,17,73,6,4,0,13,1,36272
2a40ede0-fa48-44a0-bd78-a7134f7677e4,2022-07-06,29,204393,245,26,116,92,11,19,78,5,4,0,11,1,36273
cbba37eb-6040-4299-ab98-da435532bb44,2022-07-07,64,204457,297,35,128,118,16,26,96,7,7,0,16,2,36275
ceac135a-b104-456b-ad17-24d04a8fef08,2022-07-08,31,204488,273,32,119,104,18,25,81,8,7,0,18,1,36276
a9256fce-7359-4e44-bcb1-18d9e34e35c2,2022-07-09,10,204498,225,15,93,101,16,25,73,6,7,0,16,,36276
